"year","indicator","disaggregation","disagg.value","component","rec","unit","year_range","value.unweighted","value","value.sum","total.pop","n","N","region"
"1999","adult_obesity","gender","Female","H",,,"",0.163075574186628,"0.0955895117934714",30.8212835212728,5977061.551,189,,"World"
"1999","adult_obesity","gender","Male","H",,,"",0.0973887351066628,"0.0589795264025039",18.4064709351593,5977061.551,189,,"World"
"2000","adult_obesity","gender","Female","H",,,"",0.166648122808862,"0.0980201145749139",31.4964952108749,6054244.179,189,,"World"
"2000","adult_obesity","gender","Male","H",,,"",0.100514122177578,"0.0610603751129056",18.9971690915622,6054244.179,189,,"World"
"2001","adult_obesity","gender","Female","H",,,"",0.170281047916336,"0.100510541875198",32.1831180561875,6131761.246,189,,"World"
"2001","adult_obesity","gender","Male","H",,,"",0.103717166119037,"0.0632024350450644",19.602544396498,6131761.246,189,,"World"
"2002","adult_obesity","gender","Female","H",,,"",0.173974731159777,"0.103064285884346",32.8812241891978,6209667.78,189,,"World"
"2002","adult_obesity","gender","Male","H",,,"",0.106999325337097,"0.0654087937630626",20.2228724887114,6209667.78,189,,"World"
"2003","adult_obesity","gender","Female","H",,,"",0.17772602716116,"0.105688132460379",33.5902191334593,6288140.073,189,,"World"
"2003","adult_obesity","gender","Male","H",,,"",0.110362140859853,"0.0676851789448638",20.8584446225122,6288140.073,189,,"World"
"2004","adult_obesity","gender","Female","H",,,"",0.181533914590801,"0.10839410480377",34.3099098576614,6367336.66,189,,"World"
"2004","adult_obesity","gender","Male","H",,,"",0.113806938731264,"0.0700424865078998",21.509511420209,6367336.66,189,,"World"
"2005","adult_obesity","gender","Male","H",,,"",0.117335302228309,"0.0724886422177132",22.1763721211505,6447364.936,189,,"World"
"2005","adult_obesity","gender","Female","H",,,"",0.18539713625884,"0.111191544825071",35.0400587529208,6447364.936,189,,"World"
"2006","adult_obesity","gender","Male","H",,,"",0.120945145150566,"0.0750294681068913",22.858632433457,6528296.278,189,,"World"
"2006","adult_obesity","gender","Female","H",,,"",0.189317106900864,"0.114087900121095",35.7809332042634,6528296.278,189,,"World"
"2007","adult_obesity","gender","Male","H",,,"",0.124638415416788,"0.0776638607683864",23.556660513773,6610117.639,189,,"World"
"2007","adult_obesity","gender","Female","H",,,"",0.193295739501165,"0.117080311014679",36.5328947657202,6610117.639,189,,"World"
"2008","adult_obesity","gender","Male","H",,,"",0.128418488047374,"0.0803908180438401",24.2710942409537,6692726.167,189,,"World"
"2008","adult_obesity","gender","Female","H",,,"",0.197331406174717,"0.120160117767434",37.2956357670214,6692726.167,189,,"World"
"2009","adult_obesity","gender","Female","H",,,"",0.201421544250645,"0.123317284780965",38.0686718633719,6775954.829,189,,"World"
"2009","adult_obesity","gender","Male","H",,,"",0.132286490940906,"0.083205062421795",25.0021467878313,6775954.829,189,,"World"
"2010","adult_obesity","gender","Female","H",,,"",0.20556771844712,"0.1265452587331",38.8522987865057,6859643.18,189,,"World"
"2010","adult_obesity","gender","Male","H",,,"",0.136245379695986,"0.0861013651611833",25.7503767625413,6859643.18,189,,"World"
"2011","adult_obesity","gender","Male","H",,,"",0.140295120112441,"0.0890761857301115",26.5157777012514,6943742.825,189,,"World"
"2011","adult_obesity","gender","Female","H",,,"",0.209772678676701,"0.129842554481385",39.6470362698965,6943742.825,189,,"World"
"2012","adult_obesity","gender","Male","H",,,"",0.144442324490646,"0.0921401751611217",27.299599328732,7028170.761,189,,"World"
"2012","adult_obesity","gender","Female","H",,,"",0.214038224026323,"0.133212540445204",40.4532243409751,7028170.761,189,,"World"
"2013","adult_obesity","gender","Male","H",,,"",0.148695709796268,"0.095303621218504",28.1034891514946,7112680.638,189,,"World"
"2013","adult_obesity","gender","Female","H",,,"",0.218366263063127,"0.136657220784384",41.2712237189311,7112680.638,189,,"World"
"2014","adult_obesity","gender","Male","H",,,"",0.153064850270235,"0.0985797098435994",28.9292567010744,7196970.645,189,,"World"
"2014","adult_obesity","gender","Female","H",,,"",0.222759159540359,"0.140184611999272",42.1014811531278,7196970.645,189,,"World"
"2015","adult_obesity","gender","Male","H",,,"",0.157554419155934,"0.101979043563951",29.7777852204716,7280795.028,189,,"World"
"2015","adult_obesity","gender","Female","H",,,"",0.227214204907297,"0.143792021950315",42.9434847274792,7280795.028,189,,"World"
"2016","adult_obesity","gender","Male","H",,,"",0.162167848620004,"0.10549775666704",30.6497233891807,7364024.261,189,,"World"
"2016","adult_obesity","gender","Female","H",,,"",0.231733420501391,"0.147477958673692",43.797616474763,7364024.261,189,,"World"
"1999","adult_anemia","pregnancy","Pregnant women","I",,,"",37.3909090909091,"36.5511967022136",6992.1,6030408.207,187,,"World"
"1999","adult_anemia","pregnancy","Non-pregnant women","I",,,"",31.8855614973262,"32.3985519143646",5962.6,6030408.207,187,,"World"
"1999","adult_anemia","pregnancy","All women","I",,,"",32.2144385026738,"32.5986219412659",6024.1,6030408.207,187,,"World"
"2000","adult_anemia","pregnancy","Pregnant women","I",,,"",36.9320855614973,"36.2462001673616",6906.3,6108247.141,187,,"World"
"2000","adult_anemia","pregnancy","All women","I",,,"",31.679679144385,"32.1605357301308",5924.1,6108247.141,187,,"World"
"2000","adult_anemia","pregnancy","Non-pregnant women","I",,,"",31.3363636363636,"31.9443435923183",5859.9,6108247.141,187,,"World"
"2001","adult_anemia","pregnancy","Pregnant women","I",,,"",36.5224598930481,"35.9890483823974",6829.7,6186363.518,187,,"World"
"2001","adult_anemia","pregnancy","All women","I",,,"",31.2197860962567,"31.7984176462034",5838.1,6186363.518,187,,"World"
"2001","adult_anemia","pregnancy","Non-pregnant women","I",,,"",30.8818181818182,"31.5784518549529",5774.9,6186363.518,187,,"World"
"2002","adult_anemia","pregnancy","All women","I",,,"",30.8577540106952,"31.5451235200655",5770.4,6264823.912,187,,"World"
"2002","adult_anemia","pregnancy","Pregnant women","I",,,"",36.1754010695187,"35.8063080047508",6764.8,6264823.912,187,,"World"
"2002","adult_anemia","pregnancy","Non-pregnant women","I",,,"",30.5122994652406,"31.3212365269589",5705.8,6264823.912,187,,"World"
"2003","adult_anemia","pregnancy","Non-pregnant women","I",,,"",30.2090909090909,"31.1404347338638",5649.1,6343819.862,187,,"World"
"2003","adult_anemia","pregnancy","All women","I",,,"",30.5524064171123,"31.3618966882165",5713.3,6343819.862,187,,"World"
"2003","adult_anemia","pregnancy","Pregnant women","I",,,"",35.8780748663102,"35.6971499573769",6709.2,6343819.862,187,,"World"
"2004","adult_anemia","pregnancy","All women","I",,,"",30.2679144385027,"31.1950315864127",5660.1,6423534.603,187,,"World"
"2004","adult_anemia","pregnancy","Non-pregnant women","I",,,"",29.9283422459893,"30.9756455048398",5596.6,6423534.603,187,,"World"
"2004","adult_anemia","pregnancy","Pregnant women","I",,,"",35.5989304812834,"35.5960295014542",6657,6423534.603,187,,"World"
"2005","adult_anemia","pregnancy","Pregnant women","I",,,"",35.3224598930481,"35.5192800790563",6605.3,6504093.652,187,,"World"
"2005","adult_anemia","pregnancy","Non-pregnant women","I",,,"",29.6245989304813,"30.8210550600325",5539.8,6504093.652,187,,"World"
"2005","adult_anemia","pregnancy","All women","I",,,"",29.9679144385027,"31.0249006245244",5604,6504093.652,187,,"World"
"2006","adult_anemia","pregnancy","Pregnant women","I",,,"",35.0358288770054,"35.4341230674135",6551.7,6585570.845,187,,"World"
"2006","adult_anemia","pregnancy","Non-pregnant women","I",,,"",29.2743315508021,"30.597903272742",5474.3,6585570.845,187,,"World"
"2006","adult_anemia","pregnancy","All women","I",,,"",29.6176470588235,"30.8256955658792",5538.5,6585570.845,187,,"World"
"2007","adult_anemia","pregnancy","All women","I",,,"",29.2262032085562,"30.5971177549108",5465.3,6667946.724,187,,"World"
"2007","adult_anemia","pregnancy","Pregnant women","I",,,"",34.7470588235294,"35.3414900594518",6497.7,6667946.724,187,,"World"
"2007","adult_anemia","pregnancy","Non-pregnant women","I",,,"",28.8743315508021,"30.3611055950752",5399.5,6667946.724,187,,"World"
"2008","adult_anemia","pregnancy","Non-pregnant women","I",,,"",28.4609625668449,"30.1222057413621",5322.2,6751117.441,187,,"World"
"2008","adult_anemia","pregnancy","Pregnant women","I",,,"",34.4877005347594,"35.2994137285369",6449.2,6751117.441,187,,"World"
"2008","adult_anemia","pregnancy","All women","I",,,"",28.8208556149733,"30.3781574493721",5389.5,6751117.441,187,,"World"
"2009","adult_anemia","pregnancy","Non-pregnant women","I",,,"",28.0866310160428,"29.9257805127117",5252.2,6834913.09,187,,"World"
"2009","adult_anemia","pregnancy","Pregnant women","I",,,"",34.2663101604278,"35.3082704914541",6407.8,6834913.09,187,,"World"
"2009","adult_anemia","pregnancy","All women","I",,,"",28.4513368983957,"30.183216197662",5320.4,6834913.09,187,,"World"
"2010","adult_anemia","pregnancy","Pregnant women","I",,,"",34.1299465240642,"35.3749922297047",6382.3,6919170.756,187,,"World"
"2010","adult_anemia","pregnancy","Non-pregnant women","I",,,"",27.8251336898396,"29.8728755434259",5203.3,6919170.756,187,,"World"
"2010","adult_anemia","pregnancy","All women","I",,,"",28.1973262032086,"30.1422367201079",5272.9,6919170.756,187,,"World"
"2011","adult_anemia","pregnancy","Non-pregnant women","I",,,"",27.7069518716578,"29.9587616766932",5181.2,7003842.9,187,,"World"
"2011","adult_anemia","pregnancy","Pregnant women","I",,,"",34.075935828877,"35.5524039978395",6372.2,7003842.9,187,,"World"
"2011","adult_anemia","pregnancy","All women","I",,,"",28.0828877005348,"30.2272212641863",5251.5,7003842.9,187,,"World"
"2012","adult_anemia","pregnancy","Non-pregnant women","I",,,"",27.7385026737968,"30.1671484835412",5187.1,7088846.711,187,,"World"
"2012","adult_anemia","pregnancy","Pregnant women","I",,,"",34.0802139037433,"35.7768359910442",6373,7088846.711,187,,"World"
"2012","adult_anemia","pregnancy","All women","I",,,"",28.1101604278075,"30.4352103451486",5256.6,7088846.711,187,,"World"
"2013","adult_anemia","pregnancy","Pregnant women","I",,,"",34.124064171123,"36.0145291159389",6381.2,7173931.672,187,,"World"
"2013","adult_anemia","pregnancy","Non-pregnant women","I",,,"",27.8919786096257,"30.5248492465151",5215.8,7173931.672,187,,"World"
"2013","adult_anemia","pregnancy","All women","I",,,"",28.2422459893048,"30.7833838731605",5281.3,7173931.672,187,,"World"
"2014","adult_anemia","pregnancy","Non-pregnant women","I",,,"",28.1582887700535,"30.9866360076787",5265.6,7258790.365,187,,"World"
"2014","adult_anemia","pregnancy","Pregnant women","I",,,"",34.196256684492,"36.3062703592074",6394.7,7258790.365,187,,"World"
"2014","adult_anemia","pregnancy","All women","I",,,"",28.5058823529412,"31.2308838882138",5330.6,7258790.365,187,,"World"
"2015","adult_anemia","pregnancy","Non-pregnant women","I",,,"",28.6465240641711,"31.643599979502",5356.9,7343172.989,187,,"World"
"2015","adult_anemia","pregnancy","Pregnant women","I",,,"",34.383422459893,"36.6808043316546",6429.7,7343172.989,187,,"World"
"2015","adult_anemia","pregnancy","All women","I",,,"",28.9770053475936,"31.8735130150561",5418.7,7343172.989,187,,"World"
"2016","adult_anemia","pregnancy","Non-pregnant women","I",,,"",29.3032085561497,"32.4569683720703",5479.7,7426948.142,187,,"World"
"2016","adult_anemia","pregnancy","All women","I",,,"",29.6,"32.6699865723527",5535.2,7426948.142,187,,"World"
"2016","adult_anemia","pregnancy","Pregnant women","I",,,"",34.6807486631016,"37.1416267281377",6485.3,7426948.142,187,,"World"
"1999","adult_blood_pressure","gender","Female","H",,,"",0.256471076756614,"0.234393837627264",48.473033507,5977061.551,189,,"World"
"1999","adult_blood_pressure","gender","Male","H",,,"",0.293785202190476,"0.265162706872526",55.525403214,5977061.551,189,,"World"
"2000","adult_blood_pressure","gender","Female","H",,,"",0.254419666550265,"0.233202428413591",48.085316978,6054244.179,189,,"World"
"2000","adult_blood_pressure","gender","Male","H",,,"",0.291990192740741,"0.264255361539734",55.186146428,6054244.179,189,,"World"
"2001","adult_blood_pressure","gender","Male","H",,,"",0.290197867396825,"0.263328005055863",54.847396938,6131761.246,189,,"World"
"2001","adult_blood_pressure","gender","Female","H",,,"",0.252344362650794,"0.231962471729075",47.693084541,6131761.246,189,,"World"
"2002","adult_blood_pressure","gender","Female","H",,,"",0.250254193767196,"0.230702933248909",47.298042622,6209667.78,189,,"World"
"2002","adult_blood_pressure","gender","Male","H",,,"",0.288402622746032,"0.262381104330517",54.508095699,6209667.78,189,,"World"
"2003","adult_blood_pressure","gender","Male","H",,,"",0.286592186476191,"0.261384059188531",54.165923244,6288140.073,189,,"World"
"2003","adult_blood_pressure","gender","Female","H",,,"",0.248152473566138,"0.229404447178949",46.900817504,6288140.073,189,,"World"
"2004","adult_blood_pressure","gender","Male","H",,,"",0.284777778179894,"0.260335069399132",53.823000076,6367336.66,189,,"World"
"2004","adult_blood_pressure","gender","Female","H",,,"",0.246044724100529,"0.228058353594936",46.502452855,6367336.66,189,,"World"
"2005","adult_blood_pressure","gender","Male","H",,,"",0.282950019417989,"0.259236402129051",53.47755367,6447364.936,189,,"World"
"2005","adult_blood_pressure","gender","Female","H",,,"",0.243946619867725,"0.226692055149822",46.105911155,6447364.936,189,,"World"
"2006","adult_blood_pressure","gender","Male","H",,,"",0.281103336100529,"0.258100319175434",53.128530523,6528296.278,189,,"World"
"2006","adult_blood_pressure","gender","Female","H",,,"",0.241855045354497,"0.225304908939616",45.710603572,6528296.278,189,,"World"
"2007","adult_blood_pressure","gender","Female","H",,,"",0.239779686619048,"0.223913612227906",45.318360771,6610117.639,189,,"World"
"2007","adult_blood_pressure","gender","Male","H",,,"",0.279259986301587,"0.256921463265606",52.780137411,6610117.639,189,,"World"
"2008","adult_blood_pressure","gender","Male","H",,,"",0.277409396306878,"0.255707293699857",52.430375902,6692726.167,189,,"World"
"2008","adult_blood_pressure","gender","Female","H",,,"",0.237732149291005,"0.22252140489874",44.931376216,6692726.167,189,,"World"
"2009","adult_blood_pressure","gender","Female","H",,,"",0.235707806174603,"0.221138436253694",44.548775367,6775954.829,189,,"World"
"2009","adult_blood_pressure","gender","Male","H",,,"",0.275524400074074,"0.254463243809786",52.074111614,6775954.829,189,,"World"
"2010","adult_blood_pressure","gender","Male","H",,,"",0.273631212248677,"0.253175971718826",51.716299115,6859643.18,189,,"World"
"2010","adult_blood_pressure","gender","Female","H",,,"",0.233716851126984,"0.219754589801674",44.172484863,6859643.18,189,,"World"
"2011","adult_blood_pressure","gender","Male","H",,,"",0.27172530194709,"0.251849913788176",51.356082068,6943742.825,189,,"World"
"2011","adult_blood_pressure","gender","Female","H",,,"",0.231754996015873,"0.218377844808069",43.801694247,6943742.825,189,,"World"
"2012","adult_blood_pressure","gender","Male","H",,,"",0.269857174074074,"0.250520681133807",51.0030059,7028170.761,189,,"World"
"2012","adult_blood_pressure","gender","Female","H",,,"",0.229824766835979,"0.216999693115054",43.436880932,7028170.761,189,,"World"
"2013","adult_blood_pressure","gender","Female","H",,,"",0.227913615190476,"0.215618293420076",43.075673271,7112680.638,189,,"World"
"2013","adult_blood_pressure","gender","Male","H",,,"",0.268007126058201,"0.249176967483305",50.653346825,7112680.638,189,,"World"
"2014","adult_blood_pressure","gender","Male","H",,,"",0.266177960582011,"0.247830133904271",50.30763455,7196970.645,189,,"World"
"2014","adult_blood_pressure","gender","Female","H",,,"",0.226021380915344,"0.21422409147554",42.718040993,7196970.645,189,,"World"
"2015","adult_blood_pressure","gender","Female","H",,,"",0.224163251089947,"0.212829382107184",42.366854456,7280795.028,189,,"World"
"2015","adult_blood_pressure","gender","Male","H",,,"",0.264374741386243,"0.246476931166812",49.966826122,7280795.028,189,,"World"
"1999","adult_overweight","gender","Female","H",,,"",0.416744251270724,"0.297529206213799",78.7646634901669,5977061.551,189,,"World"
"1999","adult_overweight","gender","Male","H",,,"",0.368882178755816,"0.273354794943098",69.7187317848493,5977061.551,189,,"World"
"2000","adult_overweight","gender","Male","H",,,"",0.374400395830766,"0.278164228014324",70.7616748120148,6054244.179,189,,"World"
"2000","adult_overweight","gender","Female","H",,,"",0.421936953622916,"0.302067405436173",79.7460842347311,6054244.179,189,,"World"
"2001","adult_overweight","gender","Male","H",,,"",0.379965805064142,"0.283085677080403",71.8135371571228,6131761.246,189,,"World"
"2001","adult_overweight","gender","Female","H",,,"",0.427160751936739,"0.306690381673507",80.7333821160437,6131761.246,189,,"World"
"2002","adult_overweight","gender","Male","H",,,"",0.385571080398669,"0.288116772913519",72.8729341953484,6209667.78,189,,"World"
"2002","adult_overweight","gender","Female","H",,,"",0.432413382633915,"0.311396774088185",81.72612931781,6209667.78,189,,"World"
"2003","adult_overweight","gender","Male","H",,,"",0.391222350128376,"0.293269343174226",73.9410241742631,6288140.073,189,,"World"
"2003","adult_overweight","gender","Female","H",,,"",0.437688432267796,"0.316192431312378",82.7231136986134,6288140.073,189,,"World"
"2004","adult_overweight","gender","Male","H",,,"",0.396912648186444,"0.298545798047369",75.0164905072379,6367336.66,189,,"World"
"2004","adult_overweight","gender","Female","H",,,"",0.442987667194734,"0.321094162552386",83.7246690998048,6367336.66,189,,"World"
"2005","adult_overweight","gender","Male","H",,,"",0.402633102900365,"0.303946758409876",76.0976564481689,6447364.936,189,,"World"
"2005","adult_overweight","gender","Female","H",,,"",0.448305355981755,"0.326104438556594",84.7297122805517,6447364.936,189,,"World"
"2006","adult_overweight","gender","Male","H",,,"",0.408382215321856,"0.309475847951269",77.1842386958308,6528296.278,189,,"World"
"2006","adult_overweight","gender","Female","H",,,"",0.453637219551504,"0.331218374924051",85.7374344952343,6528296.278,189,,"World"
"2007","adult_overweight","gender","Female","H",,,"",0.458977282676883,"0.336421142078204",86.746706425931,6610117.639,189,,"World"
"2007","adult_overweight","gender","Male","H",,,"",0.414159472664564,"0.315124389936339",78.2761403336025,6610117.639,189,,"World"
"2008","adult_overweight","gender","Female","H",,,"",0.464320742518853,"0.341695797064327",87.7566203360633,6692726.167,189,,"World"
"2008","adult_overweight","gender","Male","H",,,"",0.419960840050676,"0.320867094743179",79.3725987695778,6692726.167,189,,"World"
"2009","adult_overweight","gender","Female","H",,,"",0.469668617162938,"0.34702480680738",88.7673686437954,6775954.829,189,,"World"
"2009","adult_overweight","gender","Male","H",,,"",0.425784793729856,"0.326675940492243",80.4733260149428,6775954.829,189,,"World"
"2010","adult_overweight","gender","Female","H",,,"",0.475014703717235,"0.352386138440018",89.7777790025574,6859643.18,189,,"World"
"2010","adult_overweight","gender","Male","H",,,"",0.431630900452456,"0.332530375726815",81.5782401855142,6859643.18,189,,"World"
"2011","adult_overweight","gender","Male","H",,,"",0.437507052242817,"0.338417919693477",82.6888328738923,6943742.825,189,,"World"
"2011","adult_overweight","gender","Female","H",,,"",0.480368181743335,"0.357774186730398",90.7895863494904,6943742.825,189,,"World"
"2012","adult_overweight","gender","Female","H",,,"",0.48572430766692,"0.363186901275921",91.8018941490479,7028170.761,189,,"World"
"2012","adult_overweight","gender","Male","H",,,"",0.443413547803579,"0.344344250328013",83.8051605348765,7028170.761,189,,"World"
"2013","adult_overweight","gender","Female","H",,,"",0.491078611421002,"0.368619856893135",92.8138575585694,7112680.638,189,,"World"
"2013","adult_overweight","gender","Male","H",,,"",0.449349316639029,"0.350319234280118",84.9270208447765,7112680.638,189,,"World"
"2014","adult_overweight","gender","Female","H",,,"",0.496433683842119,"0.374080117652727",93.8259662461606,7196970.645,189,,"World"
"2014","adult_overweight","gender","Male","H",,,"",0.45532446358178,"0.356351603910788",86.0563236169565,7196970.645,189,,"World"
"2015","adult_overweight","gender","Female","H",,,"",0.501781341991327,"0.379561310655195",94.8366736363608,7280795.028,189,,"World"
"2015","adult_overweight","gender","Male","H",,,"",0.461342125566795,"0.362456638252117",87.1936617321242,7280795.028,189,,"World"
"2016","adult_overweight","gender","Female","H",,,"",0.507119677915718,"0.385051853352903",95.8456191260707,7364024.261,189,,"World"
"2016","adult_overweight","gender","Male","H",,,"",0.467398073208192,"0.368609774589298",88.3382358363482,7364024.261,189,,"World"
"1999","adult_diabetes","gender","Male","H",,,"",0.0724927745978836,"0.0651619241795758",13.701134399,5977061.551,189,,"World"
"1999","adult_diabetes","gender","Female","H",,,"",0.0744327971164021,"0.0657375410360011",14.067798655,5977061.551,189,,"World"
"2000","adult_diabetes","gender","Male","H",,,"",0.0740487570687831,"0.0668057990500975",13.995215086,6054244.179,189,,"World"
"2000","adult_diabetes","gender","Female","H",,,"",0.0757759228730159,"0.0668323461049703",14.321649423,6054244.179,189,,"World"
"2001","adult_diabetes","gender","Male","H",,,"",0.0756270076560847,"0.0684666496425495",14.293504447,6131761.246,189,,"World"
"2001","adult_diabetes","gender","Female","H",,,"",0.077134049973545,"0.067932824297771",14.578335445,6131761.246,189,,"World"
"2002","adult_diabetes","gender","Female","H",,,"",0.0785040147671958,"0.0690209134265305",14.837258791,6209667.78,189,,"World"
"2002","adult_diabetes","gender","Male","H",,,"",0.0772220888465608,"0.070128907614864",14.594974792,6209667.78,189,,"World"
"2003","adult_diabetes","gender","Female","H",,,"",0.0798727699153439,"0.0701083535892019",15.095953514,6288140.073,189,,"World"
"2003","adult_diabetes","gender","Male","H",,,"",0.0788265534074074,"0.0718016574728169",14.898218594,6288140.073,189,,"World"
"2004","adult_diabetes","gender","Male","H",,,"",0.0804404593597884,"0.0734936750361112",15.203246819,6367336.66,189,,"World"
"2004","adult_diabetes","gender","Female","H",,,"",0.0812501713809524,"0.07121271548562",15.356282391,6367336.66,189,,"World"
"2005","adult_diabetes","gender","Male","H",,,"",0.0820462752592593,"0.0751847350804005",15.506746024,6447364.936,189,,"World"
"2005","adult_diabetes","gender","Female","H",,,"",0.0826343737354497,"0.0723186818661548",15.617896636,6447364.936,189,,"World"
"2006","adult_diabetes","gender","Female","H",,,"",0.0840274219417989,"0.0734155186953451",15.881182747,6528296.278,189,,"World"
"2006","adult_diabetes","gender","Male","H",,,"",0.0836437131851852,"0.0768581342558518",15.808661792,6528296.278,189,,"World"
"2007","adult_diabetes","gender","Male","H",,,"",0.0852518971375661,"0.0785085610116277",16.112608559,6610117.639,189,,"World"
"2007","adult_diabetes","gender","Female","H",,,"",0.0854386782328042,"0.0745022500039756",16.147910186,6610117.639,189,,"World"
"2008","adult_diabetes","gender","Male","H",,,"",0.0868710840634921,"0.0801229308011008",16.418634888,6692726.167,189,,"World"
"2008","adult_diabetes","gender","Female","H",,,"",0.086873386042328,"0.0755692959326374",16.419069962,6692726.167,189,,"World"
"2009","adult_diabetes","gender","Male","H",,,"",0.0884476300846561,"0.0816894915093398",16.716602086,6775954.829,189,,"World"
"2009","adult_diabetes","gender","Female","H",,,"",0.0882946719312169,"0.0766091779966422",16.687692995,6775954.829,189,,"World"
"2010","adult_diabetes","gender","Male","H",,,"",0.0900450930952381,"0.083261086046345",17.018522595,6859643.18,189,,"World"
"2010","adult_diabetes","gender","Female","H",,,"",0.0897563342380952,"0.0776623778075772",16.963947171,6859643.18,189,,"World"
"2011","adult_diabetes","gender","Male","H",,,"",0.0916678476031746,"0.0848315202891293",17.325223197,6943742.825,189,,"World"
"2011","adult_diabetes","gender","Female","H",,,"",0.0912536516984127,"0.0787214611751156",17.246940171,6943742.825,189,,"World"
"2012","adult_diabetes","gender","Male","H",,,"",0.093342494962963,"0.0864291327497413",17.641731548,7028170.761,189,,"World"
"2012","adult_diabetes","gender","Female","H",,,"",0.0927956953703704,"0.0798170387870484",17.538386425,7028170.761,189,,"World"
"2013","adult_diabetes","gender","Male","H",,,"",0.0950663686984127,"0.0880463298154428",17.967543684,7112680.638,189,,"World"
"2013","adult_diabetes","gender","Female","H",,,"",0.0943910545079365,"0.0809378596722189",17.839909302,7112680.638,189,,"World"
"2014","adult_diabetes","gender","Male","H",,,"",0.0968587150846561,"0.0897004764742232",18.306297151,7196970.645,189,,"World"
"2014","adult_diabetes","gender","Female","H",,,"",0.0960551641216931,"0.0820972849510548",18.154426019,7196970.645,189,,"World"
"2016","wasting_percent","income","Highest","C",,,"",4.850022418,"7.17945261228279",48.50022418,476148.113,10,,"World"
"2016","wasting_percent","income","Second lowest","C",,,"",6.589016303,"8.66502664233964",65.89016303,476148.113,10,,"World"
"2016","wasting_percent","location","Rural","C",,,"",6.24103686454546,"8.664181584862",68.65140551,487035.995,11,,"World"
"2016","wasting_percent","income","Lowest","C",,,"",7.817234511,"10.8207167505733",78.17234511,476148.113,10,,"World"
"2016","wasting_percent","income","Second highest","C",,,"",5.316294999,"7.5273185074886",53.16294999,476148.113,10,,"World"
"2016","wasting_percent","income","Middle","C",,,"",6.32680702,"8.40070411906141",63.2680702,476148.113,10,,"World"
"2016","wasting_percent","location","Urban","C",,,"",5.33625280363636,"8.13100338279465",58.69878084,487035.995,11,,"World"
"2000","wasting_percent","location","Urban","C",,,"",8.11599533333333,"7.8028623614032",292.175832,571703.103,36,,"World"
"2000","wasting_percent","location","Rural","C",,,"",8.9399932,"9.31359021152143",321.8397552,571703.103,36,,"World"
"2005","wasting_percent","income","Highest","C",,,"",5.32779017,"6.42091861591136",106.5558034,307898.962,20,,"World"
"2005","wasting_percent","location","Rural","C",,,"",6.46680975,"7.05952437300037",129.336195,307898.962,20,,"World"
"2005","wasting_percent","income","Second lowest","C",,,"",6.695891705,"7.49400618109275",133.9178341,307898.962,20,,"World"
"2005","wasting_percent","income","Second highest","C",,,"",5.567166895,"5.86905964984106",111.3433379,307898.962,20,,"World"
"2005","wasting_percent","income","Lowest","C",,,"",7.241401975,"8.3242230178475",144.8280395,307898.962,20,,"World"
"2005","wasting_percent","location","Urban","C",,,"",5.65076964,"6.30826015582806",113.0153928,307898.962,20,,"World"
"2005","wasting_percent","income","Middle","C",,,"",6.019896075,"6.93746967423389",120.3979215,307898.962,20,,"World"
"2009","wasting_percent","income","Lowest","C",,,"",7.86622542666667,"6.55541233589542",70.79602884,97044.485,9,,"World"
"2009","wasting_percent","income","Second lowest","C",,,"",7.14361707555556,"4.0852455102269",64.29255368,97044.485,9,,"World"
"2009","wasting_percent","location","Rural","C",,,"",7.06600237222222,"4.52379403138069",63.59402135,97044.485,9,,"World"
"2009","wasting_percent","income","Second highest","C",,,"",5.62193523555556,"3.41508245602845",50.59741712,97044.485,9,,"World"
"2009","wasting_percent","income","Middle","C",,,"",7.16922833444444,"3.95179425188256",64.52305501,97044.485,9,,"World"
"2009","wasting_percent","location","Urban","C",,,"",5.99300204111111,"3.70721676573876",53.93701837,97044.485,9,,"World"
"2009","wasting_percent","income","Highest","C",,,"",5.99541013222222,"2.96570260091888",53.95869119,97044.485,9,,"World"
"2010","wasting_percent","income","Middle","C",,,"",7.39784481333333,"7.76512379055198",177.54827552,387749.796,24,,"World"
"2010","wasting_percent","income","Lowest","C",,,"",8.65201188916667,"9.28403659035945",207.64828534,387749.796,24,,"World"
"2010","wasting_percent","income","Highest","C",,,"",6.202343385,"6.11166284071541",148.85624124,387749.796,24,,"World"
"2010","wasting_percent","location","Rural","C",,,"",7.68447623791667,"8.04160453232018",184.42742971,387749.796,24,,"World"
"2010","wasting_percent","income","Second highest","C",,,"",7.026989149625,"6.86429507800376",168.647739591,387749.796,24,,"World"
"2010","wasting_percent","income","Second lowest","C",,,"",7.8841776825,"8.1105263267956",189.22026438,387749.796,24,,"World"
"2010","wasting_percent","location","Urban","C",,,"",6.95110182125,"6.75919661670952",166.82644371,387749.796,24,,"World"
"2000","wasting_percent","income","Middle","C",,,"",8.55293773575758,"8.65605993720203",282.24694528,556328.368,33,,"World"
"2000","wasting_percent","income","Lowest","C",,,"",9.90156228787879,"10.714354584937",326.7515555,556328.368,33,,"World"
"2000","wasting_percent","income","Second highest","C",,,"",8.37519174181818,"8.70038955026584",276.38132748,556328.368,33,,"World"
"2000","wasting_percent","income","Second lowest","C",,,"",9.10187139393939,"9.39709754577596",300.361756,556328.368,33,,"World"
"2000","wasting_percent","income","Highest","C",,,"",7.01081735424242,"6.7717474617893",231.35697269,556328.368,33,,"World"
"2006","wasting_percent","income","Middle","C",,,"",9.28498716709677,"16.5184552858904",287.83460218,1537809.592,31,,"World"
"2006","wasting_percent","location","Urban","C",,,"",8.01506483529412,"14.5611432147",272.5122044,1580271.192,34,,"World"
"2006","wasting_percent","income","Second lowest","C",,,"",9.11132179354839,"18.9171436879297",282.4509756,1537809.592,31,,"World"
"2006","wasting_percent","location","Rural","C",,,"",9.7605083,"17.5870372131616",331.8572822,1580271.192,34,,"World"
"2006","wasting_percent","income","Second highest","C",,,"",8.01888640322581,"14.4931771809645",248.5854785,1537809.592,31,,"World"
"2006","wasting_percent","income","Lowest","C",,,"",9.65001934483871,"21.2538506010485",299.15059969,1537809.592,31,,"World"
"2006","wasting_percent","income","Highest","C",,,"",6.76827971677419,"11.4833038503923",209.81667122,1537809.592,31,,"World"
"2001","wasting_percent","income","Highest","C",,,"",7.10707552,"10.1817582840354",35.5353776,96026.856,5,,"World"
"2001","wasting_percent","location","Rural","C",,,"",12.151943,"16.8511179806705",60.759715,96026.856,5,,"World"
"2001","wasting_percent","income","Middle","C",,,"",12.08384616,"17.2912164042534",60.4192308,96026.856,5,,"World"
"2001","wasting_percent","income","Second highest","C",,,"",10.22042164,"15.2182427589712",51.1021082,96026.856,5,,"World"
"2001","wasting_percent","location","Urban","C",,,"",8.80853018,"12.5216184166152",44.0426509,96026.856,5,,"World"
"2001","wasting_percent","income","Lowest","C",,,"",12.5701487,"16.8016531661944",62.8507435,96026.856,5,,"World"
"2001","wasting_percent","income","Second lowest","C",,,"",13.10387156,"17.8161839509647",65.5193578,96026.856,5,,"World"
"2014","wasting_percent","income","Second highest","C",,,"",5.3755008625,"9.05740956660652",129.0120207,535455.581,24,,"World"
"2014","wasting_percent","location","Rural","C",,,"",5.888295204,"9.78598498081171",147.2073801,551358.693,25,,"World"
"2014","wasting_percent","income","Lowest","C",,,"",6.68367979625,"10.9438197033234",160.40831511,535455.581,24,,"World"
"2014","wasting_percent","income","Middle","C",,,"",5.4123421375,"9.10602710891073",129.8962113,535455.581,24,,"World"
"2014","wasting_percent","location","Urban","C",,,"",4.663326116,"8.05442905227478",116.5831529,551358.693,25,,"World"
"2014","wasting_percent","income","Highest","C",,,"",4.49507670833333,"7.76973764323552",107.881841,535455.581,24,,"World"
"2014","wasting_percent","income","Second lowest","C",,,"",6.25940350916667,"10.3862749176782",150.22568422,535455.581,24,,"World"
"1999","wasting_percent","location","Urban","C",,,"",5.7570178625,"5.77677991138562",46.0561429,120562.65,8,,"World"
"1999","wasting_percent","income","Second lowest","C",,,"",8.160647225,"7.71508865538535",65.2851778,120562.65,8,,"World"
"1999","wasting_percent","income","Highest","C",,,"",5.8048927875,"5.76211495190363",46.4391423,120562.65,8,,"World"
"1999","wasting_percent","location","Rural","C",,,"",7.94371525,"7.45751626905372",63.549722,120562.65,8,,"World"
"1999","wasting_percent","income","Middle","C",,,"",8.053538575,"7.53120807980547",64.4283086,120562.65,8,,"World"
"1999","wasting_percent","income","Second highest","C",,,"",6.0408667625,"5.52163926686686",48.3269341,120562.65,8,,"World"
"1999","wasting_percent","income","Lowest","C",,,"",8.3842575,"8.05147570006476",67.07406,120562.65,8,,"World"
"2003","wasting_percent","location","Rural","C",,,"",9.3216704625,"9.40134530332034",74.5733637,331557.685,8,,"World"
"2003","wasting_percent","income","Second highest","C",,,"",8.58447595,"8.70098066887321",68.6758076,331557.685,8,,"World"
"2003","wasting_percent","income","Second lowest","C",,,"",9.3558659125,"9.79920287968013",74.8469273,331557.685,8,,"World"
"2003","wasting_percent","income","Highest","C",,,"",6.5655186875,"6.87219301405048",52.5241495,331557.685,8,,"World"
"2003","wasting_percent","income","Middle","C",,,"",8.0634755875,"8.21414531247466",64.5078047,331557.685,8,,"World"
"2003","wasting_percent","location","Urban","C",,,"",7.1681987,"7.85715493260662",57.3455896,331557.685,8,,"World"
"2003","wasting_percent","income","Lowest","C",,,"",10.4530995875,"10.5258774345849",83.6247967,331557.685,8,,"World"
"2004","wasting_percent","income","Highest","C",,,"",7.13473603333333,"9.02676684299725",42.8084162,228929.317,6,,"World"
"2004","wasting_percent","location","Urban","C",,,"",8.28843319888889,"8.91053474035769",74.59589879,353894.61,9,,"World"
"2004","wasting_percent","income","Second lowest","C",,,"",9.27222506666667,"12.5025257030071",55.6333504,228929.317,6,,"World"
"2004","wasting_percent","income","Lowest","C",,,"",10.11039945,"14.0093044958388",60.6623967,228929.317,6,,"World"
"2004","wasting_percent","location","Rural","C",,,"",8.53305104444444,"9.22764944805959",76.7974594,353894.61,9,,"World"
"2004","wasting_percent","income","Middle","C",,,"",8.37732583333333,"12.0344666800846",50.263955,228929.317,6,,"World"
"2004","wasting_percent","income","Second highest","C",,,"",7.29124963333333,"9.48359767959501",43.7474978,228929.317,6,,"World"
"2007","wasting_percent","location","Urban","C",,,"",8.70920562222222,"12.0854326614867",78.3828506,383329.569,9,,"World"
"2007","wasting_percent","income","Second highest","C",,,"",7.98533168888889,"12.7466954241347",71.8679852,383329.569,9,,"World"
"2007","wasting_percent","income","Lowest","C",,,"",10.6304044444444,"16.3224501116864",95.67364,383329.569,9,,"World"
"2007","wasting_percent","income","Highest","C",,,"",7.29987713333333,"11.1155885728148",65.6988942,383329.569,9,,"World"
"2007","wasting_percent","income","Second lowest","C",,,"",10.8037783222222,"15.3404069017693",97.2340049,383329.569,9,,"World"
"2007","wasting_percent","income","Middle","C",,,"",9.35542975555556,"13.4608605296463",84.1988678,383329.569,9,,"World"
"2007","wasting_percent","location","Rural","C",,,"",9.6585519,"14.4391097472279",86.9269671,383329.569,9,,"World"
"2011","wasting_percent","income","Lowest","C",,,"",8.3471616775,"11.7012022804067",133.55458684,717310.179,16,,"World"
"2011","wasting_percent","income","Second lowest","C",,,"",7.5814597375,"10.5187192688343",121.3033558,717310.179,16,,"World"
"2011","wasting_percent","location","Urban","C",,,"",6.12101800823529,"8.15941349996391",104.05730614,721027.851,17,,"World"
"2011","wasting_percent","income","Middle","C",,,"",6.8930086025,"9.82188800953126",110.28813764,717310.179,16,,"World"
"2011","wasting_percent","income","Second highest","C",,,"",5.89660856875,"8.35559233702863",94.3457371,717310.179,16,,"World"
"2011","wasting_percent","income","Highest","C",,,"",5.099512075,"6.92471370803616",81.5921932,717310.179,16,,"World"
"2011","wasting_percent","location","Rural","C",,,"",8.17635341823529,"10.1236940483995",138.99800811,721027.851,17,,"World"
"2012","wasting_percent","income","Second lowest","C",,,"",6.155659341,"8.73391732256171",123.11318682,581561.359,20,,"World"
"2012","wasting_percent","location","Urban","C",,,"",5.55045162380952,"7.82759064113255",116.5594841,572592.701,21,,"World"
"2012","wasting_percent","income","Highest","C",,,"",5.2109537845,"6.5820277370593",104.21907569,581561.359,20,,"World"
"2012","wasting_percent","income","Second highest","C",,,"",5.7068561015,"7.27844788522712",114.13712203,581561.359,20,,"World"
"2012","wasting_percent","income","Middle","C",,,"",5.7282634405,"8.24305582296245",114.56526881,581561.359,20,,"World"
"2012","wasting_percent","location","Rural","C",,,"",5.85481769428571,"8.67578529429587",122.95117158,572592.701,21,,"World"
"2012","wasting_percent","income","Lowest","C",,,"",7.540709938,"11.4932405512033",150.81419876,581561.359,20,,"World"
"2008","wasting_percent","income","Lowest","C",,,"",8.733990275,"13.264678480667",69.8719222,322020.789,8,,"World"
"2008","wasting_percent","location","Rural","C",,,"",7.85574290375,"10.5257292597369",62.84594323,322020.789,8,,"World"
"2008","wasting_percent","income","Middle","C",,,"",7.342712715,"9.26569049465674",58.74170172,322020.789,8,,"World"
"2008","wasting_percent","income","Second lowest","C",,,"",7.98183767375,"11.5225715930721",63.85470139,322020.789,8,,"World"
"2008","wasting_percent","income","Second highest","C",,,"",6.37838792375,"7.38590448576205",51.02710339,322020.789,8,,"World"
"2008","wasting_percent","income","Highest","C",,,"",6.44889509125,"7.77643945407248",51.59116073,322020.789,8,,"World"
"2008","wasting_percent","location","Urban","C",,,"",6.89869190875,"8.78192076393334",55.18953527,322020.789,8,,"World"
"2013","wasting_percent","location","Urban","C",,,"",7.42758581083333,"12.5625200915249",89.13102973,327156.899,12,,"World"
"2013","wasting_percent","location","Rural","C",,,"",8.53629265,"14.2368687605555",102.4355118,327156.899,12,,"World"
"2013","wasting_percent","income","Lowest","C",,,"",9.07143906666667,"16.1011781472283",108.8572688,327156.899,12,,"World"
"2013","wasting_percent","income","Second lowest","C",,,"",8.95735483333333,"15.374539779836",107.488258,327156.899,12,,"World"
"2013","wasting_percent","income","Middle","C",,,"",8.17470346666667,"13.146191352188",98.0964416,327156.899,12,,"World"
"2013","wasting_percent","income","Second highest","C",,,"",7.32214616166667,"12.5594814695459",87.86575394,327156.899,12,,"World"
"2013","wasting_percent","income","Highest","C",,,"",6.39803437,"10.2132028207616",76.77641244,327156.899,12,,"World"
"2002","wasting_percent","location","Urban","C",,,"",6.44934904,"7.75990136927948",32.2467452,54366.697,5,,"World"
"2002","wasting_percent","location","Rural","C",,,"",7.37146802,"6.82768555619001",36.8573401,54366.697,5,,"World"
"2002","wasting_percent","income","Lowest","C",,,"",10.1177418333333,"7.95926031414604",30.3532255,20022.536,3,,"World"
"2002","wasting_percent","income","Second lowest","C",,,"",8.85212693333333,"7.19245736983",26.5563808,20022.536,3,,"World"
"2002","wasting_percent","income","Highest","C",,,"",6.08477503333333,"6.04280314085208",18.2543251,20022.536,3,,"World"
"2002","wasting_percent","income","Second highest","C",,,"",6.1851674,"5.76544067123679",18.5555022,20022.536,3,,"World"
"2002","wasting_percent","income","Middle","C",,,"",7.7799621,"6.91753494550709",23.3398863,20022.536,3,,"World"
"2015","wasting_percent","income","Middle","C",,,"",7.20191679,"17.0412218399866",86.42300148,1608785.099,12,,"World"
"2015","wasting_percent","income","Second highest","C",,,"",6.31111123083333,"16.1578115801117",75.73333477,1608785.099,12,,"World"
"2015","wasting_percent","location","Rural","C",,,"",7.1338165225,"17.8839023590021",85.60579827,1608785.099,12,,"World"
"2015","wasting_percent","income","Lowest","C",,,"",7.63351405416667,"20.0501547359804",91.60216865,1608785.099,12,,"World"
"2015","wasting_percent","location","Urban","C",,,"",6.3731047525,"16.8284487678254",76.47725703,1608785.099,12,,"World"
"2015","wasting_percent","income","Second lowest","C",,,"",7.17954854,"18.108182437867",86.15458248,1608785.099,12,,"World"
"2015","wasting_percent","income","Highest","C",,,"",6.04505551416667,"15.1189155038525",72.54066617,1608785.099,12,,"World"
"2015","early_childbearing_prev","all",,"U",,,"2015",16.6924561403509,"18.1909821564486",1902.94,3953313.92,114,,"World"
"2016","nurses_and_midwives","all",,"U",,,"2016",4.19277894736842,"3.40372988524324",796.628,7185810.658,190,,"World"
"2016","vit_a","gender","Boys","P",,,"2016",56.9068965517241,"57.5482466916199",3300.6,3188365.443,58,,"World"
"2016","vit_a","gender","Both","P",,,"2016",56.9672413793103,"57.5917829598055",3304.1,3188365.443,58,,"World"
"2016","vit_a","gender","Girls","P",,,"2016",57.0362068965517,"57.6387656523098",3308.1,3188365.443,58,,"World"
"2016","diarrhea_zinc","all",,"P",,,"2016",8.58913043478261,"14.7201982754625",395.1,3056213.473,46,,"World"
"2016","iron_supp","gender","Both","P",,,"2016",14.6482142857143,"17.5776085106047",820.3,3142211.224,56,,"World"
"2016","iron_supp","gender","Boys","P",,,"2016",14.7875,"17.7008297384912",828.1,3142211.224,56,,"World"
"2016","iron_supp","gender","Girls","P",,,"2016",14.5089285714286,"17.4182056917317",812.5,3142211.224,56,,"World"
"2016","iodised_salt","all",,"P",,,"2016",82.4075471698113,"88.717597788985",4367.6,2436428.908,53,,"World"
"2016","iron_and_folic","all",,"P",,,"2016",74.558064516129,"72.9935736137763",4622.6,3130229.51,62,,"World"
"2016","Omega 3","location","Global","M",0.25,"g","",0.10006628996504,"0.10006628996504",18.6123299334974,7376156.223,186,,"World"
"2016","Omega 3","location","National","M",0.25,"g","",0.0655337208238381,"0.0792027108995294",12.1892720732339,7376156.223,186,,"World"
"2016","Omega 3","location","Regional","M",0.25,"g","",0.0779170079981805,"0.0962895094135498",14.4925634876616,7376156.223,186,,"World"
"2016","Sugar-sweetened beverages","location","Regional","M",2.5,"g","",98.4544303271907,"94.2554715645913",18312.5240408575,7376156.223,186,,"World"
"2016","Sugar-sweetened beverages","location","Global","M",2.5,"g","",94.7014156993954,"94.7014156993954",17614.4633200875,7376156.223,186,,"World"
"2016","Sugar-sweetened beverages","location","National","M",2.5,"g","",110.441653817586,"95.8283683036443",20542.147610071,7376156.223,186,,"World"
"2016","Vegetables","location","National","M",360,"g","",150.728484475778,"183.829160811557",28035.4981124947,7376156.223,186,,"World"
"2016","Vegetables","location","Regional","M",360,"g","",166.440171475368,"192.556012287265",30957.8718944184,7376156.223,186,,"World"
"2016","Vegetables","location","Global","M",360,"g","",196.167528922841,"196.167528922841",36487.1603796484,7376156.223,186,,"World"
"2016","Calcium","location","Regional","M",1.25,"g","",0.501638866608027,"0.442115837819177",93.3048291890931,7376156.223,186,,"World"
"2016","Calcium","location","Global","M",1.25,"g","",0.456531063588397,"0.456531063588397",84.9147778274418,7376156.223,186,,"World"
"2016","Calcium","location","National","M",1.25,"g","",0.48080789475304,"0.429058655809578",89.4302684240654,7376156.223,186,,"World"
"2016","Milk","location","National","M",435,"g","",73.0235464422222,"55.8203285980957",13582.3796382533,7376156.223,186,,"World"
"2016","Milk","location","Regional","M",435,"g","",77.1239845550921,"56.4390921619731",14345.0611272471,7376156.223,186,,"World"
"2016","Milk","location","Global","M",435,"g","",59.7316183709202,"59.7316183709202",11110.0810169912,7376156.223,186,,"World"
"2016","Saturated fat","location","Global","M",7,"%","",0.0738021075332404,"0.0738021075332404",13.7271920011827,7376156.223,186,,"World"
"2016","Saturated fat","location","National","M",7,"%","",0.0826785785275171,"0.0728659729231202",15.3782156061182,7376156.223,186,,"World"
"2016","Saturated fat","location","Regional","M",7,"%","",0.0770714188912458,"0.0728974641552976",14.3352839137717,7376156.223,186,,"World"
"2016","adult_sodium","all",,"I",,,"",3.62370086524064,"4.67348355858566",677.6320618,7426948.142,187,,"World"
"2016","Trans fat","location","Regional","M",0.5,"%","",0.00499657095728652,"0.00494677154737885",0.929362198055294,7376156.223,186,,"World"
"2016","Trans fat","location","Global","M",0.5,"%","",0.00498857870204281,"0.00498857870204281",0.927875638579963,7376156.223,186,,"World"
"2016","Trans fat","location","National","M",0.5,"%","",0.00386182095451742,"0.00505661242943267",0.71829869754024,7376156.223,186,,"World"
"2016","Red meat","location","Global","M",22.5,"g","",26.6287633574427,"26.6287633574427",4952.94998448434,7376156.223,186,,"World"
"2016","Red meat","location","National","M",22.5,"g","",23.1451590291909,"23.4579170559334",4304.99957942951,7376156.223,186,,"World"
"2016","Red meat","location","Regional","M",22.5,"g","",28.7519024663821,"25.364983931747",5347.85385874707,7376156.223,186,,"World"
"2016","Fruit","location","Regional","M",250,"g","",103.458934977122,"103.38882041846",19243.3619057447,7376156.223,186,,"World"
"2016","Fruit","location","Global","M",250,"g","",104.199267981657,"104.199267981657",19381.0638445882,7376156.223,186,,"World"
"2016","Fruit","location","National","M",250,"g","",101.518626894861,"100.062467944383",18882.4646024442,7376156.223,186,,"World"
"2016","Legumes","location","Regional","M",60,"g","",42.7457504524336,"46.3988844169115",7950.70958415265,7376156.223,186,,"World"
"2016","Legumes","location","National","M",60,"g","",38.9148077937872,"49.2398817077417",7238.15424964442,7376156.223,186,,"World"
"2016","Legumes","location","Global","M",60,"g","",44.6316590969101,"44.6316590969101",8301.48859202528,7376156.223,186,,"World"
"2016","Salt","location","Regional","M",2,"g","",4.01181165471546,"4.5809218897658",746.196967777076,7376156.223,186,,"World"
"2016","Salt","location","Global","M",2,"g","",4.65841991618336,"4.65841991618336",866.466104410105,7376156.223,186,,"World"
"2016","Salt","location","National","M",2,"g","",3.60813580896743,"4.44478496174054",671.113260467941,7376156.223,186,,"World"
"2016","Nuts and seeds","location","National","M",20.5,"g","",2.41702222541653,"2.55350786069013",449.566133927474,7376156.223,186,,"World"
"2016","Nuts and seeds","location","Regional","M",20.5,"g","",2.98807361318139,"2.63485588596326",555.781692051738,7376156.223,186,,"World"
"2016","Nuts and seeds","location","Global","M",20.5,"g","",2.65949293226421,"2.65949293226421",494.665685401143,7376156.223,186,,"World"
"2016","Whole grain","location","Regional","M",125,"g","",46.5944244682521,"55.2115343116534",8666.56295109488,7376156.223,186,,"World"
"2016","Whole grain","location","Global","M",125,"g","",56.0974453240281,"56.0974453240281",10434.1248302692,7376156.223,186,,"World"
"2016","Whole grain","location","National","M",125,"g","",41.9316479133963,"57.8443354289226",7799.2865118917,7376156.223,186,,"World"
"2016","Processed meat","location","Global","M",2,"g","",3.26213872899093,"3.26213872899093",606.757803592313,7376156.223,186,,"World"
"2016","Processed meat","location","National","M",2,"g","",2.83457880551579,"2.88003575622055",527.231657825938,7376156.223,186,,"World"
"2016","Processed meat","location","Regional","M",2,"g","",4.11421237044125,"3.04206299837875",765.243500902073,7376156.223,186,,"World"
"2016","Polyunsaturated fat","location","National","M",11,"%","",0.0488052670304041,"0.0460250929737354",9.07777966765517,7376156.223,186,,"World"
"2016","Polyunsaturated fat","location","Regional","M",11,"%","",0.048128031196359,"0.0486153619224009",8.95181380252278,7376156.223,186,,"World"
"2016","Polyunsaturated fat","location","Global","M",11,"%","",0.0495741374119373,"0.0495741374119373",9.22078955862034,7376156.223,186,,"World"
"2016","physicians","all",,"U",,,"2016",1.66996335078534,"1.48682927386817",318.963,7183534.98,191,,"World"
"2017","gender_inequality_rank","all",,"U",,,"",78.8853503184713,"81.9242766202091",12385,7122459.239,157,,"World"
"2016","gender_inequality_rank","all",,"U",,,"",87.5,"81.8030869396422",175,27022.621,2,,"World"
"2015","gender_inequality_rank","all",,"U",,,"",150,"150",150,23108.472,1,,"World"
"2017","gender_inequality_score","all",,"U",,,"",0.347197452229299,"0.352994412781082",54.51,7122459.239,157,,"World"
"2016","gender_inequality_score","all",,"U",,,"",0.3905,"0.367549578813987",0.781,27022.621,2,,"World"
"2015","gender_inequality_score","all",,"U",,,"",0.666,"0.666",0.666,23108.472,1,,"World"
"2017","rural_percent","all",,"R",,,"",41.4975647668394,"45.3108316603124",8009.03,7505200.585,193,,"World"
"2018","65_years","all",,"R",,,"",3669.07013043478,"51013.2914561435",675108.904,7592225.212,184,,"World"
"2018","u5_pop","all",,"R",,,"",3678.49853804348,"43470.9628304783",676843.731,7592225.212,184,,"World"
"2018","burden_text","all",,"A",,,,,"anaemia and stunting",,9622376.016,26,141,"World"
"2018","burden_text","all",,"A",,,,,"overweight, anaemia and stunting",,14810592.487,41,141,"World"
"2018","burden_text","all",,"A",,,,,"overweight only",,28531697.346,11,141,"World"
"2018","burden_text","all",,"A",,,,,"overweight and anaemia",,56692655.014,54,141,"World"
"2018","burden_text","all",,"A",,,,,"anaemia only",,113047634.149,5,141,"World"
"2018","burden_text","all",,"A",,,,,"overweight and stunting",,222898518.962,3,141,"World"
"2018","burden_text","all",,"A",,,,,"stunting only",,445816498.122,1,141,"World"
"2018","country_class","all",,"A",,,,,"experiencing two forms of malnutrition",,10644808.712,83,141,"World"
"2018","country_class","all",,"A",,,,,"experiencing three forms of malnutrition",,14810592.487,41,141,"World"
"2018","country_class","all",,"A",,,,,"experiencing one form of malnutrition",,30258347.057,17,141,"World"
"2008","gini_rank","all",,"R",,,"",102,"47.9250405389242",408,154838.84,4,,"World"
"2012","gini_rank","all",,"R",,,"",75.9583333333333,"105.74591025459",911.5,1614844.101,12,,"World"
"2016","gini_rank","all",,"R",,,"",88.1666666666667,"91.1221374080766",2380.5,1124356.601,27,,"World"
"2010","gini_rank","all",,"R",,,"",84,"69.3490049001371",840,86150.65,10,,"World"
"2015","gini_rank","all",,"R",,,"",58.1063829787234,"73.6760524047395",2731,1516673.353,47,,"World"
"2005","gini_rank","all",,"R",,,"",1,"1",1,8538.606,1,,"World"
"2013","gini_rank","all",,"R",,,"",99.6818181818182,"91.1793982785048",1096.5,345055.747,11,,"World"
"2014","gini_rank","all",,"R",,,"",80.3125,"107.472014533331",1285,287244.272,16,,"World"
"2017","gini_rank","all",,"R",,,"",84,"85.2894130679514",168,2832.747,2,,"World"
"2009","gini_rank","all",,"R",,,"",104,"104.710064183112",936,222896.173,9,,"World"
"2011","gini_rank","all",,"R",,,"",80.0555555555556,"59.5046729050107",720.5,1387315.489,9,,"World"
"2007","gini_rank","all",,"R",,,"",136,"136",136,486.438,1,,"World"
"2004","gini_rank","all",,"R",,,"",98.25,"75.3050945159862",196.5,20535.415,2,,"World"
"2006","gini_rank","all",,"R",,,"",106.5,"134.803434095423",213,27333.428,2,,"World"
"2003","gini_rank","all",,"R",,,"",60,"60",60,25830.659,1,,"World"
"2008","gini","all",,"R",,,"",43.25,"34.2776872133633",173,154838.84,4,,"World"
"2012","gini","all",,"R",,,"",37.3166666666667,"41.496704345951",447.8,1614844.101,12,,"World"
"2016","gini","all",,"R",,,"",39.4740740740741,"39.689759404899",1065.8,1124356.601,27,,"World"
"2010","gini","all",,"R",,,"",39.49,"36.8092933111938",394.9,86150.65,10,,"World"
"2015","gini","all",,"R",,,"",35.2127659574468,"37.6292433632544",1655,1516673.353,47,,"World"
"2005","gini","all",,"R",,,"",16.6,"16.6",16.6,8538.606,1,,"World"
"2013","gini","all",,"R",,,"",40.6181818181818,"39.108088524316",446.8,345055.747,11,,"World"
"2014","gini","all",,"R",,,"",39.4,"45.1122666313778",630.4,287244.272,16,,"World"
"2017","gini","all",,"R",,,"",37.7,"37.8289413067951",75.4,2832.747,2,,"World"
"2009","gini","all",,"R",,,"",43.0555555555556,"41.496804522974",387.5,222896.173,9,,"World"
"2011","gini","all",,"R",,,"",38,"35.2287518789463",342,1387315.489,9,,"World"
"2007","gini","all",,"R",,,"",47.2,"47.2",47.2,486.438,1,,"World"
"2004","gini","all",,"R",,,"",40.65,"37.088950668881",81.3,20535.415,2,,"World"
"2006","gini","all",,"R",,,"",41.95,"46.8658596060472",83.9,27333.428,2,,"World"
"2003","gini","all",,"R",,,"",35.3,"35.3",35.3,25830.659,1,,"World"
"2016","community_health_workers","all",,"U",,,"2016",0.4211875,"0.516542922663438",26.956,4304878.966,64,,"World"
"2013","stunting_percent","income","Middle","C",,,"",27.0986875627119,"33.6293245411471",3197.6451324,4634167.026,82,,"World"
"2013","stunting_percent","location","Rural","C",,,"",30.1643238590164,"37.8260116345682",3680.0475108,4655707.034,86,,"World"
"2013","stunting_percent","income","Lowest","C",,,"",35.0695028483051,"45.6291308664504",4138.2013361,4634167.026,82,,"World"
"2013","stunting_percent","income","Second lowest","C",,,"",30.6425104516949,"39.5432839485465",3615.8162333,4634167.026,82,,"World"
"2013","stunting_percent","location","Urban","C",,,"",20.7061048040984,"26.7780146424986",2526.1447861,4655707.034,86,,"World"
"2013","stunting_percent","income","Second highest","C",,,"",22.9065726916949,"27.7816712681034",2702.97557762,4634167.026,82,,"World"
"2013","stunting_percent","income","Highest","C",,,"",15.7913810984746,"19.3637527739042",1863.38296962,4634167.026,82,,"World"
"2002","stunting_percent","location","Rural","C",,,"",40.2940429577465,"43.2861577005838",2860.87705,1528111.601,61,,"World"
"2002","stunting_percent","location","Urban","C",,,"",28.3525488183099,"30.81885551325",2013.0309661,1528111.601,61,,"World"
"2008","stunting_percent","income","Lowest","C",,,"",37.8325609350649,"49.7560454488298",2913.107192,2648103.397,69,,"World"
"2008","stunting_percent","income","Middle","C",,,"",30.8252258571429,"41.4407042867633",2373.542391,2648103.397,69,,"World"
"2008","stunting_percent","income","Highest","C",,,"",19.6010242766234,"23.7859673913824",1509.2788693,2648103.397,69,,"World"
"2008","stunting_percent","income","Second lowest","C",,,"",34.4345912649351,"45.9172599705283",2651.4635274,2648103.397,69,,"World"
"2008","stunting_percent","income","Second highest","C",,,"",26.4863072285714,"35.0682089163132",2039.4456566,2648103.397,69,,"World"
"2008","stunting_percent","location","Rural","C",,,"",33.8790225825,"43.4418664796655",2710.3218066,2690564.997,72,,"World"
"2008","stunting_percent","location","Urban","C",,,"",24.45367662625,"32.5488535436499",1956.2941301,2690564.997,72,,"World"
"2002","stunting_percent","income","Second lowest","C",,,"",41.5001226285714,"46.2634270343663",2614.5077256,1353427.412,55,,"World"
"2002","stunting_percent","income","Second highest","C",,,"",32.8911011047619,"37.1573845552297",2072.1393696,1353427.412,55,,"World"
"2002","stunting_percent","income","Highest","C",,,"",23.9707579174603,"25.6529816083773",1510.1577488,1353427.412,55,,"World"
"2002","stunting_percent","income","Middle","C",,,"",38.137522147619,"42.9436606040057",2402.6638953,1353427.412,55,,"World"
"2002","stunting_percent","income","Lowest","C",,,"",45.0551225222222,"50.0251927732033",2838.4727189,1353427.412,55,,"World"
"2013","overweight_percent","income","Second lowest","C",,,"",5.31220350661017,"3.47811334462103",626.84001378,4634167.026,82,,"World"
"2013","overweight_percent","income","Second highest","C",,,"",6.27694734305085,"4.13530725750346",740.67978648,4634167.026,82,,"World"
"2013","overweight_percent","location","Urban","C",,,"",6.40638125163934,"4.44259125966325",781.5785127,4655707.034,86,,"World"
"2013","overweight_percent","location","Rural","C",,,"",5.5707950002459,"3.72187152928082",679.63699003,4655707.034,86,,"World"
"2013","overweight_percent","income","Lowest","C",,,"",4.93534962949153,"3.37201117424632",582.37125628,4634167.026,82,,"World"
"2013","overweight_percent","income","Middle","C",,,"",5.78329122694915,"3.73640825609085",682.42836478,4634167.026,82,,"World"
"2013","overweight_percent","income","Highest","C",,,"",7.14122140050847,"5.06947588378484",842.66412526,4634167.026,82,,"World"
"2002","overweight_percent","location","Rural","C",,,"",6.80205024225352,"5.25678190853829",482.9455672,1528111.601,61,,"World"
"2002","overweight_percent","location","Urban","C",,,"",7.57710674507042,"5.95343922709108",537.9745789,1528111.601,61,,"World"
"2008","overweight_percent","income","Middle","C",,,"",8.94743934311688,"5.63728844151618",688.95282942,2648103.397,69,,"World"
"2008","overweight_percent","income","Second lowest","C",,,"",8.16086865974026,"5.29368747431044",628.3868868,2648103.397,69,,"World"
"2008","overweight_percent","income","Lowest","C",,,"",8.26801901194805,"5.33808334277508",636.63746392,2648103.397,69,,"World"
"2008","overweight_percent","location","Urban","C",,,"",9.60255434375,"6.53312383522598",768.2043475,2690564.997,72,,"World"
"2008","overweight_percent","income","Second highest","C",,,"",9.27375990428571,"6.25839341054403",714.07951263,2648103.397,69,,"World"
"2008","overweight_percent","income","Highest","C",,,"",10.1644582103896,"6.63195923473246",782.6632822,2648103.397,69,,"World"
"2008","overweight_percent","location","Rural","C",,,"",8.547978943125,"5.51115309931782",683.83831545,2690564.997,72,,"World"
"2002","overweight_percent","income","Highest","C",,,"",7.64562042587302,"5.80026477157351",481.67408683,1353427.412,55,,"World"
"2002","overweight_percent","income","Second lowest","C",,,"",5.95019339095238,"4.33199121958564",374.86218363,1353427.412,55,,"World"
"2002","overweight_percent","income","Lowest","C",,,"",5.79080596619048,"4.35014949932643",364.82077587,1353427.412,55,,"World"
"2002","overweight_percent","income","Middle","C",,,"",6.2368522668254,"4.78905766999568",392.92169281,1353427.412,55,,"World"
"2002","overweight_percent","income","Second highest","C",,,"",6.47926051412698,"4.74720507857496",408.19341239,1353427.412,55,,"World"
"2013","solid_foods","income","Second highest","K",,,"",75.917684954955,"68.6335964269512",8426.86303,4866936.453,75,,"World"
"2013","solid_foods","income","Middle","K",,,"",74.019072877193,"67.4228636358805",8438.174308,4960255.378,77,,"World"
"2013","solid_foods","income","Highest","K",,,"",79.2726220275229,"71.460708966564",8640.715801,4936175.767,73,,"World"
"2013","solid_foods","income","Second lowest","K",,,"",71.4634860431034,"63.1402507287024",8289.764381,4965185.044,79,,"World"
"2013","solid_foods","location","Rural","K",,,"",72.1250040916031,"60.0236896019372",9448.375536,6265234.222,87,,"World"
"2013","solid_foods","income","Lowest","K",,,"",70.229711637931,"60.2737323190214",8146.64655,4948390.733,78,,"World"
"2013","solid_foods","location","Urban","K",,,"",77.8488457,"68.2757278272348",10120.349941,6301746.847,88,,"World"
"2008","solid_foods","location","Rural","K",,,"",66.7659138192771,"61.925727971662",5541.570847,3476290.165,71,,"World"
"2008","solid_foods","location","Urban","K",,,"",72.0665963536585,"70.4721400730184",5909.460901,3475313.339,72,,"World"
"2008","solid_foods","income","Middle","K",,,"",67.6477331060606,"61.7622158185397",4464.750385,3316553.583,59,,"World"
"2008","solid_foods","income","Second lowest","K",,,"",67.3615886716418,"59.1633813041787",4513.226441,3270647.985,59,,"World"
"2008","solid_foods","income","Lowest","K",,,"",63.218159,"58.8176553742887",4551.707448,3364132.162,63,,"World"
"2008","solid_foods","income","Second highest","K",,,"",68.8321132558823,"66.9610238069062",4680.5837014,3346527.051,60,,"World"
"2008","solid_foods","income","Highest","K",,,"",72.0558757666667,"74.6264588067388",4323.352546,3205349.656,53,,"World"
"2002","solid_foods","income","Second highest","K",,,"",95.523125,"95.523125",95.523125,5329.304,1,,"World"
"2002","solid_foods","income","Second lowest","K",,,"",87.315079,"87.315079",87.315079,5329.304,1,,"World"
"2002","solid_foods","income","Lowest","K",,,"",81.969482,"81.969482",81.969482,5329.304,1,,"World"
"2002","solid_foods","location","Urban","K",,,"",94.107758,"94.107758",94.107758,5329.304,1,,"World"
"2002","solid_foods","income","Highest","K",,,"",86.098152,"86.098152",86.098152,5329.304,1,,"World"
"2002","solid_foods","location","Rural","K",,,"",85.917252,"85.917252",85.917252,5329.304,1,,"World"
"2002","solid_foods","income","Middle","K",,,"",91.975815,"91.975815",91.975815,5329.304,1,,"World"
"2013","minimum_meal","income","Lowest","K",,,"",48.3358448935484,"44.8777448894065",5993.6447668,4878977.362,86,,"World"
"2013","minimum_meal","location","Rural","K",,,"",50.953149112,"47.2498631455115",6369.143639,4792424.157,86,,"World"
"2013","minimum_meal","income","Middle","K",,,"",52.8726587556452,"49.5535061696489",6556.2096857,4878977.362,86,,"World"
"2013","minimum_meal","income","Highest","K",,,"",59.8680968861789,"55.1831842920046",7363.775917,4878695.777,85,,"World"
"2013","minimum_meal","location","Urban","K",,,"",56.4736957301587,"51.8175836593315",7115.685662,4834081.036,87,,"World"
"2013","minimum_meal","income","Second lowest","K",,,"",50.8956311217742,"47.7452505547751",6311.0582591,4878977.362,86,,"World"
"2013","minimum_meal","income","Second highest","K",,,"",54.8905508455285,"50.506053178322",6751.537754,4878695.777,85,,"World"
"2008","minimum_meal","income","Second lowest","K",,,"",43.5392992,"37.2344125884877",217.696496,52201.83,4,,"World"
"2008","minimum_meal","income","Highest","K",,,"",48.4600844,"42.3401566877063",242.300422,52201.83,4,,"World"
"2008","minimum_meal","income","Middle","K",,,"",43.513244,"36.8613857077356",217.56622,52201.83,4,,"World"
"2008","minimum_meal","income","Second highest","K",,,"",45.5763238,"39.0654613925555",227.881619,52201.83,4,,"World"
"2008","minimum_meal","income","Lowest","K",,,"",40.6192444,"36.225289986694",203.096222,52201.83,4,,"World"
"2008","minimum_meal","location","Urban","K",,,"",47.9556335,"43.7564885350465",287.733801,76664.851,5,,"World"
"2008","minimum_meal","location","Rural","K",,,"",43.3797103333333,"40.0016752309752",260.278262,76664.851,5,,"World"
"2013","minimum_accept_diet","income","Lowest","K",,,"",15.3203474183908,"12.2896636973127",1332.8702254,4018155.647,65,,"World"
"2013","minimum_accept_diet","income","Second highest","K",,,"",23.6902142816092,"19.5539090194508",2061.0486425,4018155.647,65,,"World"
"2013","minimum_accept_diet","income","Middle","K",,,"",20.1536900367816,"17.362362079763",1753.3710332,4018155.647,65,,"World"
"2013","minimum_accept_diet","location","Rural","K",,,"",19.3336844477273,"15.7591622324185",1701.3642314,4029595.414,66,,"World"
"2013","minimum_accept_diet","income","Second lowest","K",,,"",18.2732032037931,"15.0928254929911",1589.76867873,4018155.647,65,,"World"
"2013","minimum_accept_diet","income","Highest","K",,,"",29.2122438942529,"23.9411649069044",2541.4652188,4018155.647,65,,"World"
"2013","minimum_accept_diet","location","Urban","K",,,"",25.7018510909091,"21.1180682239867",2261.762896,4029595.414,66,,"World"
"2008","minimum_accept_diet","income","Second highest","K",,,"",13.7543115,"13.5154159719748",27.508623,16625.806,2,,"World"
"2008","minimum_accept_diet","income","Lowest","K",,,"",4.9956179,"6.53351182223833",9.9912358,16625.806,2,,"World"
"2008","minimum_accept_diet","income","Highest","K",,,"",16.084697,"18.292517002262",32.169394,16625.806,2,,"World"
"2008","minimum_accept_diet","income","Middle","K",,,"",8.3259325,"8.88965880656325",16.651865,16625.806,2,,"World"
"2008","minimum_accept_diet","income","Second lowest","K",,,"",6.848938,"9.22178924572056",13.697876,16625.806,2,,"World"
"2008","minimum_accept_diet","location","Urban","K",,,"",13.5746525,"14.8033866173659",27.149305,16625.806,2,,"World"
"2008","minimum_accept_diet","location","Rural","K",,,"",8.4761818,"9.71794158567473",16.9523636,16625.806,2,,"World"
"2013","minimum_diet_diversity","income","Highest","K",,,"",42.4399576276596,"36.3131319883482",3989.356017,4134597.53,69,,"World"
"2013","minimum_diet_diversity","income","Second highest","K",,,"",35.0774759755319,"31.4249432813497",3297.2827417,4134597.53,69,,"World"
"2013","minimum_diet_diversity","income","Second lowest","K",,,"",27.4181551776596,"24.2006418842253",2577.3065867,4134597.53,69,,"World"
"2013","minimum_diet_diversity","income","Middle","K",,,"",30.5687755276596,"27.4640963802912",2873.4648996,4134597.53,69,,"World"
"2013","minimum_diet_diversity","location","Urban","K",,,"",38.0136389789474,"33.3747506837234",3611.295703,4146037.297,70,,"World"
"2013","minimum_diet_diversity","income","Lowest","K",,,"",23.0393298861702,"19.9498633516613",2165.6970093,4134597.53,69,,"World"
"2013","minimum_diet_diversity","location","Rural","K",,,"",28.3209787389474,"24.8016440213161",2690.4929802,4146037.297,70,,"World"
"2008","minimum_diet_diversity","income","Lowest","K",,,"",30.5785409485714,"15.8775149220367",1070.2489332,1951755.528,33,,"World"
"2008","minimum_diet_diversity","location","Rural","K",,,"",36.052606,"21.4780907614703",1261.84121,1951755.528,33,,"World"
"2008","minimum_diet_diversity","location","Urban","K",,,"",46.4977388285714,"29.4963222046885",1627.420859,1951755.528,33,,"World"
"2008","minimum_diet_diversity","income","Second lowest","K",,,"",34.7819045457143,"20.544675515449",1217.3666591,1951755.528,33,,"World"
"2008","minimum_diet_diversity","income","Middle","K",,,"",39.7958124314286,"23.9771256540747",1392.8534351,1951755.528,33,,"World"
"2008","minimum_diet_diversity","income","Highest","K",,,"",51.9660116857143,"34.1163083082838",1818.810409,1951755.528,33,,"World"
"2008","minimum_diet_diversity","income","Second highest","K",,,"",44.1567522542857,"28.3211954175505",1545.4863289,1951755.528,33,,"World"
"2013","continued_breastfeeding_2yr","income","Highest","K",,,"",32.5201356210084,"42.1482735840519",3869.8961389,5155805.841,77,,"World"
"2013","continued_breastfeeding_2yr","income","Second lowest","K",,,"",45.9225509117188,"60.0029164635604",5878.0865167,5173489.71,84,,"World"
"2013","continued_breastfeeding_2yr","income","Second highest","K",,,"",38.706789834127,"49.08413420378",4877.0555191,5170142.258,84,,"World"
"2013","continued_breastfeeding_2yr","income","Lowest","K",,,"",52.2762856643307,"65.0780134763713",6639.08827937,5169416.007,83,,"World"
"2013","continued_breastfeeding_2yr","location","Rural","K",,,"",45.2589698766423,"57.813092721091",6200.4788731,5324939.454,90,,"World"
"2013","continued_breastfeeding_2yr","income","Middle","K",,,"",42.7326046252381,"55.1464325616912",5384.30818278,5171782.403,83,,"World"
"2013","continued_breastfeeding_2yr","location","Urban","K",,,"",35.5103707213235,"46.8760046143265",4829.4104181,5364513.85,91,,"World"
"2002","continued_breastfeeding_2yr","location","Urban","K",,,"",30.1755582731707,"46.1077131484258",1237.1978892,1520698.934,41,,"World"
"2002","continued_breastfeeding_2yr","income","Lowest","K",,,"",49.5981359866667,"48.284562246637",1487.9440796,391502.35,30,,"World"
"2002","continued_breastfeeding_2yr","location","Rural","K",,,"",41.4403587904762,"61.0074714589602",1740.4950692,1527099.64,42,,"World"
"2008","continued_breastfeeding_2yr","location","Urban","K",,,"",31.363285843956,"46.0067540328368",2854.0590118,3665573.389,79,,"World"
"2008","continued_breastfeeding_2yr","location","Rural","K",,,"",42.9855783211111,"59.1256809052315",3868.7020489,3619775.193,78,,"World"
"2002","continued_breastfeeding_2yr","income","Second lowest","K",,,"",44.0613732,"42.1150975234658",1233.7184496,395493.761,28,,"World"
"2008","continued_breastfeeding_2yr","income","Lowest","K",,,"",49.9238278051282,"65.397406993089",3894.0585688,3520650.825,67,,"World"
"2008","continued_breastfeeding_2yr","income","Second lowest","K",,,"",45.2780904602564,"60.9008815833246",3531.6910559,3528697.477,68,,"World"
"2002","continued_breastfeeding_2yr","income","Highest","K",,,"",36.2381228708333,"32.1177826959145",869.7149489,298173.286,24,,"World"
"2002","continued_breastfeeding_2yr","income","Middle","K",,,"",43.7068266821429,"39.7237281945238",1223.7911471,383816.083,28,,"World"
"2002","continued_breastfeeding_2yr","income","Second highest","K",,,"",42.9172333333333,"38.2586940149682",1158.7653,379350.755,27,,"World"
"2008","continued_breastfeeding_2yr","income","Second highest","K",,,"",37.8047970708333,"51.3002011124787",2721.9453891,3465733.863,63,,"World"
"2008","continued_breastfeeding_2yr","income","Highest","K",,,"",29.4667736289855,"41.7576311688207",2033.2073804,3459523.341,61,,"World"
"2008","continued_breastfeeding_2yr","income","Middle","K",,,"",44.2377351013333,"58.8296153405351",3317.8301326,3492036.801,66,,"World"
"2013","continued_breastfeeding_1yr","income","Middle","K",,,"",76.811672464,"81.2502159738893",9601.459058,5193080.655,81,,"World"
"2013","continued_breastfeeding_1yr","location","Urban","K",,,"",68.8006168746377,"74.9804142425903",9494.4851287,5392243.319,91,,"World"
"2013","continued_breastfeeding_1yr","income","Lowest","K",,,"",82.0022419685039,"86.4373868408199",10414.28473,5186106.295,83,,"World"
"2013","continued_breastfeeding_1yr","location","Rural","K",,,"",77.4538478115942,"83.5222217379654",10688.630998,5351373.826,90,,"World"
"2013","continued_breastfeeding_1yr","income","Second lowest","K",,,"",78.8470022677165,"83.894904222623",10013.569288,5189553.425,84,,"World"
"2013","continued_breastfeeding_1yr","income","Highest","K",,,"",67.9576316274194,"72.1469593741552",8426.7463218,5180348.555,81,,"World"
"2013","continued_breastfeeding_1yr","income","Second highest","K",,,"",73.3782265664,"77.0726614961378",9172.2783208,5196917.736,81,,"World"
"2002","continued_breastfeeding_1yr","location","Urban","K",,,"",68.224439775,"75.9945305504374",2728.977591,1520459.908,40,,"World"
"2002","continued_breastfeeding_1yr","income","Middle","K",,,"",76.8770302,"84.2058488436343",2306.310906,391502.35,30,,"World"
"2002","continued_breastfeeding_1yr","location","Rural","K",,,"",74.6851407073171,"87.914909654917",3062.090769,1526860.614,41,,"World"
"2002","continued_breastfeeding_1yr","income","Lowest","K",,,"",78.7035251212121,"83.4896217131934",2597.216329,401507.398,33,,"World"
"2002","continued_breastfeeding_1yr","income","Second lowest","K",,,"",76.6792825806452,"83.0036091954289",2377.05776,400100.808,31,,"World"
"2008","continued_breastfeeding_1yr","location","Rural","K",,,"",74.2809640851064,"84.0778608611499",6982.410624,3671356.379,80,,"World"
"2008","continued_breastfeeding_1yr","location","Urban","K",,,"",65.4848936813187,"74.157665843371",5959.125325,3669570.338,78,,"World"
"2002","continued_breastfeeding_1yr","income","Second highest","K",,,"",77.736111037037,"79.1550744567128",2098.874998,315472.972,27,,"World"
"2008","continued_breastfeeding_1yr","income","Second highest","K",,,"",72.3885457012987,"79.8574451969719",5573.918019,3528000.916,68,,"World"
"2008","continued_breastfeeding_1yr","income","Lowest","K",,,"",82.0214325063291,"87.6918768180748",6479.693168,3516059.34,68,,"World"
"2008","continued_breastfeeding_1yr","income","Second lowest","K",,,"",78.3203736623377,"86.3674845920242",6030.668772,3528285.27,68,,"World"
"2008","continued_breastfeeding_1yr","income","Middle","K",,,"",76.1363168051948,"83.3484249833196",5862.496394,3531938.662,68,,"World"
"2002","continued_breastfeeding_1yr","income","Highest","K",,,"",77.894522,"76.8873975951617",1947.36305,298787.609,25,,"World"
"2008","continued_breastfeeding_1yr","income","Highest","K",,,"",63.3931593424658,"70.6965898977064",4627.700632,3495168.779,65,,"World"
"2013","exclusive_breastfeeding","income","Second highest","K",,,"",37.7348527208955,"41.9883448183644",5056.4702646,5053416.722,86,,"World"
"2013","exclusive_breastfeeding","income","Highest","K",,,"",37.5440565695635,"42.9630737995978",4730.551127765,5042021.109,80,,"World"
"2013","exclusive_breastfeeding","income","Lowest","K",,,"",41.3048699965649,"43.994632909508",5410.93796955,5040783.487,84,,"World"
"2013","exclusive_breastfeeding","location","Urban","K",,,"",36.6148417423944,"41.5813345612693",5199.30752742,5245588.215,92,,"World"
"2013","exclusive_breastfeeding","income","Second lowest","K",,,"",40.3563557947368,"44.6771364294847",5367.3953207,5048505.39,86,,"World"
"2013","exclusive_breastfeeding","income","Middle","K",,,"",39.934461718806,"43.8636758369264",5351.21787032,5055814.285,86,,"World"
"2013","exclusive_breastfeeding","location","Rural","K",,,"",40.8216363148227,"44.5573584971523",5755.85072039,5203491.476,91,,"World"
"2002","exclusive_breastfeeding","income","Lowest","K",,,"",23.6205013064516,"22.1209261984974",732.2355405,399772.411,31,,"World"
"2002","exclusive_breastfeeding","location","Rural","K",,,"",25.1209609972222,"26.8733445638977",904.3545959,590810.493,36,,"World"
"2002","exclusive_breastfeeding","location","Urban","K",,,"",18.5945275972222,"19.1259940299222",669.4029935,590810.493,36,,"World"
"2002","exclusive_breastfeeding","income","Second lowest","K",,,"",21.2432122516129,"18.1044384000027",658.5395798,399772.411,31,,"World"
"2008","exclusive_breastfeeding","location","Urban","K",,,"",28.2494657977528,"32.5156513525701",2514.202456,3518106.854,76,,"World"
"2008","exclusive_breastfeeding","location","Rural","K",,,"",30.5169561606742,"37.4517497339425",2716.0090983,3518106.854,76,,"World"
"2008","exclusive_breastfeeding","income","Lowest","K",,,"",32.59856585375,"40.1344815013259",2607.8852683,3405636.176,70,,"World"
"2008","exclusive_breastfeeding","income","Second highest","K",,,"",29.9685223975,"34.6271266767726",2397.4817918,3411510.091,70,,"World"
"2008","exclusive_breastfeeding","income","Highest","K",,,"",27.6401888768831,"30.6284344879667",2128.29454352,3407953.384,68,,"World"
"2008","exclusive_breastfeeding","income","Middle","K",,,"",30.6962998253165,"35.6209151019627",2425.0076862,3408151.229,69,,"World"
"2008","exclusive_breastfeeding","income","Second lowest","K",,,"",31.6723560101266,"38.1577500046496",2502.1161248,3450776.112,68,,"World"
"2002","exclusive_breastfeeding","income","Middle","K",,,"",19.7799458883333,"16.0880136603102",593.39837665,396650.441,30,,"World"
"2002","exclusive_breastfeeding","income","Highest","K",,,"",19.1179020703704,"16.6823048800052",516.1833559,379211.777,27,,"World"
"2002","exclusive_breastfeeding","income","Second highest","K",,,"",19.8581373357143,"20.2049234642241",556.0278454,387774.399,28,,"World"
,"exclusive_breastfeeding","income","Middle","K",,,"",59.644116,"32.2728990548018",178.932348,231055.554,3,,"World"
,"exclusive_breastfeeding","income","Second lowest","K",,,"",53.4473196666667,"27.7808568269703",160.341959,231055.554,3,,"World"
,"exclusive_breastfeeding","income","Second highest","K",,,"",58.185126,"33.8586897488896",174.555378,231055.554,3,,"World"
,"exclusive_breastfeeding","income","Highest","K",,,"",57.1987656666667,"39.7847592959923",171.596297,231055.554,3,,"World"
,"exclusive_breastfeeding","location","Urban","K",,,"",54.5943756666667,"36.6454683047915",163.783127,231055.554,3,,"World"
,"exclusive_breastfeeding","location","Rural","K",,,"",57.623101,"29.5643932864974",172.869303,231055.554,3,,"World"
,"exclusive_breastfeeding","income","Lowest","K",,,"",56.3786886666667,"26.2530884406879",169.136066,231055.554,3,,"World"
"2013","early_initiation","income","Highest","K",,,"",48.8102782146154,"44.0323648501833",6345.3361679,5010198.338,90,,"World"
"2013","early_initiation","income","Lowest","K",,,"",52.4150435230769,"46.0833286620314",6813.955658,5010198.338,90,,"World"
"2013","early_initiation","income","Second lowest","K",,,"",51.7059201709924,"45.9590600121258",6773.4755424,5010373.173,91,,"World"
"2013","early_initiation","location","Urban","K",,,"",50.5840107447761,"45.7938741483312",6778.2574398,4967090.077,92,,"World"
"2013","early_initiation","location","Rural","K",,,"",52.7740159037594,"46.1353484682755",7018.9441152,4924993.338,91,,"World"
"2013","early_initiation","income","Middle","K",,,"",51.1692008338462,"46.520803005233",6651.9961084,5010198.338,90,,"World"
"2013","early_initiation","income","Second highest","K",,,"",50.1684240692308,"45.6230287781826",6521.895129,5010198.338,90,,"World"
"2008","early_initiation","location","Urban","K",,,"",46.2445116144578,"37.0163704881387",3838.294464,3461111.65,73,,"World"
"2008","early_initiation","income","Lowest","K",,,"",46.5018685555556,"34.436199665563",3766.651353,3420675.976,71,,"World"
"2008","early_initiation","location","Rural","K",,,"",46.5057064337349,"35.7401046334157",3859.973634,3461111.65,73,,"World"
"2008","early_initiation","income","Middle","K",,,"",45.4252982345679,"36.3698811889476",3679.449157,3420675.976,71,,"World"
"2008","early_initiation","income","Second highest","K",,,"",45.4782680123457,"38.0148918721448",3683.739709,3420675.976,71,,"World"
"2008","early_initiation","income","Highest","K",,,"",44.6528172777778,"37.2493133740427",3616.8781995,3420675.976,71,,"World"
"2008","early_initiation","income","Second lowest","K",,,"",45.8861772222222,"34.4838390049112",3716.780355,3420675.976,71,,"World"
,"early_initiation","location","Urban","K",,,"",56.283343,"38.9041093930827",168.850029,231055.554,3,,"World"
,"early_initiation","income","Lowest","K",,,"",58.786621,"35.1499569175577",176.359863,231055.554,3,,"World"
,"early_initiation","location","Rural","K",,,"",56.875121,"37.4461952483168",170.625363,231055.554,3,,"World"
,"early_initiation","income","Middle","K",,,"",57.4758056666667,"40.2714835927156",172.427417,231055.554,3,,"World"
,"early_initiation","income","Highest","K",,,"",55.1423313333333,"38.121396902204",165.426994,231055.554,3,,"World"
,"early_initiation","income","Second highest","K",,,"",59.1484156666667,"40.940792561713",177.445247,231055.554,3,,"World"
,"early_initiation","income","Second lowest","K",,,"",57.1948633333333,"36.7763716011247",171.58459,231055.554,3,,"World"
"2002","early_initiation","location","Urban","K",,,"",19.652422,"17.3259179049381",39.304844,28894.717,2,,"World"
"2002","early_initiation","income","Second highest","K",,,"",16.8055575,"12.9146055545282",33.611115,28894.717,2,,"World"
"2002","early_initiation","income","Second lowest","K",,,"",22.39446,"18.4448512042634",44.78892,28894.717,2,,"World"
"2002","early_initiation","income","Highest","K",,,"",18.928732,"22.3882860859975",37.857464,28894.717,2,,"World"
"2002","early_initiation","income","Lowest","K",,,"",27.1979665,"20.8812026867943",54.395933,28894.717,2,,"World"
"2002","early_initiation","location","Rural","K",,,"",22.097595,"18.6253326292726",44.19519,28894.717,2,,"World"
"2002","early_initiation","income","Middle","K",,,"",20.2046915,"16.9789522447108",40.409383,28894.717,2,,"World"
"2000","stunting_percent","gender","Children under 5","C",,,,,"32.6",,,,,"World"
"2005","stunting_percent","gender","Children under 5","C",,,,,"29.3",,,,,"World"
"2010","stunting_percent","gender","Children under 5","C",,,,,"26.1",,,,,"World"
"2011","stunting_percent","gender","Children under 5","C",,,,,"25.5",,,,,"World"
"2012","stunting_percent","gender","Children under 5","C",,,,,"24.9",,,,,"World"
"2013","stunting_percent","gender","Children under 5","C",,,,,"24.3",,,,,"World"
"2014","stunting_percent","gender","Children under 5","C",,,,,"23.8",,,,,"World"
"2015","stunting_percent","gender","Children under 5","C",,,,,"23.2",,,,,"World"
"2016","stunting_percent","gender","Children under 5","C",,,,,"22.7",,,,,"World"
"2017","stunting_percent","gender","Children under 5","C",,,,,"22.2",,,,,"World"
"2000","overweight_percent","gender","Children under 5","C",,,,,"4.9",,,,,"World"
"2005","overweight_percent","gender","Children under 5","C",,,,,"5.1",,,,,"World"
"2010","overweight_percent","gender","Children under 5","C",,,,,"5.3",,,,,"World"
"2011","overweight_percent","gender","Children under 5","C",,,,,"5.3",,,,,"World"
"2012","overweight_percent","gender","Children under 5","C",,,,,"5.4",,,,,"World"
"2013","overweight_percent","gender","Children under 5","C",,,,,"5.4",,,,,"World"
"2014","overweight_percent","gender","Children under 5","C",,,,,"5.5",,,,,"World"
"2015","overweight_percent","gender","Children under 5","C",,,,,"5.6",,,,,"World"
"2016","overweight_percent","gender","Children under 5","C",,,,,"5.6",,,,,"World"
"2017","overweight_percent","gender","Children under 5","C",,,,,"5.6",,,,,"World"
"2017","wasting_percent","gender","Children under 5","C",,,,,"7.5",,,,,"World"
,"under_5_stunting_track","all",,"A",,,,,"On course",,,24,194,"World"
,"under_5_wasting_track","all",,"A",,,,,"On course",,,37,194,"World"
,"under_5_overweight_track","all",,"A",,,,,"On course",,,38,194,"World"
,"wra_anaemia_track","all",,"A",,,,,"On course",,,0,194,"World"
,"ebf_track","all",,"A",,,,,"On course",,,31,194,"World"
,"adult_fem_obesity_track","all",,"A",,,,,"On course",,,0,194,"World"
,"adult_mal_obesity_track","all",,"A",,,,,"On course",,,0,194,"World"
,"adult_fem_diabetes_track","all",,"A",,,,,"On course",,,26,194,"World"
,"adult_mal_diabetes_track","all",,"A",,,,,"On course",,,8,194,"World"
,"sugar_tax","all",,"O",,,,,"Yes",,,38,194,"World"
,"salt_leg","all",,"O",,,,,"Yes",,,107,194,"World"
,"multi_sec","all",,"O",,,,,"Yes",,,100,194,"World"
,"fbdg","all",,"O",,,,,"Yes",,,91,194,"World"
,"stunting_plan","all",,"O",,,,,"Yes",,,111,194,"World"
,"anaemia_plan","all",,"O",,,,,"Yes",,,87,194,"World"
,"LBW_plan","all",,"O",,,,,"Yes",,,100,194,"World"
,"child_overweight_plan","all",,"O",,,,,"Yes",,,138,194,"World"
,"EBF_plan","all",,"O",,,,,"Yes",,,126,194,"World"
,"wasting_plan","all",,"O",,,,,"Yes",,,101,194,"World"
,"sodium_plan","all",,"O",,,,,"Yes",,,107,194,"World"
,"overweight_adults_adoles_plan","all",,"O",,,,,"Yes",,,158,194,"World"
"2001","total_calories_non_staple","all",,"R",,,,,"46",,,,,"World"
"2004","total_calories_non_staple","all",,"R",,,,,"47",,,,,"World"
"2008","total_calories_non_staple","all",,"R",,,,,"49",,,,,"World"
"2012","total_calories_non_staple","all",,"R",,,,,"50",,,,,"World"
"2013","total_calories_non_staple","all",,"R",,,,,"50",,,,,"World"
"2000","undernourishment_prev","all",,"S",,,,,"14.8",,,,,"World"
"2004","undernourishment_prev","all",,"S",,,,,"14.8",,,,,"World"
"2008","undernourishment_prev","all",,"S",,,,,"12.6",,,,,"World"
"2012","undernourishment_prev","all",,"S",,,,,"11.3",,,,,"World"
"2016","undernourishment_prev","all",,"S",,,,,"10.8",,,,,"World"
"1995","fruit_veg_availability","all",,"S",,,,,"396.16",,,,,"World"
"1996","fruit_veg_availability","all",,"S",,,,,"412.95",,,,,"World"
"1997","fruit_veg_availability","all",,"S",,,,,"420.08",,,,,"World"
"1998","fruit_veg_availability","all",,"S",,,,,"426.31",,,,,"World"
"1999","fruit_veg_availability","all",,"S",,,,,"452.96",,,,,"World"
"2000","fruit_veg_availability","all",,"S",,,,,"479.03",,,,,"World"
"2001","fruit_veg_availability","all",,"S",,,,,"483.2",,,,,"World"
"2002","fruit_veg_availability","all",,"S",,,,,"495.25",,,,,"World"
"2003","fruit_veg_availability","all",,"S",,,,,"503.42",,,,,"World"
"2004","fruit_veg_availability","all",,"S",,,,,"509.58",,,,,"World"
"2005","fruit_veg_availability","all",,"S",,,,,"517.32",,,,,"World"
"2006","fruit_veg_availability","all",,"S",,,,,"531.73",,,,,"World"
"2007","fruit_veg_availability","all",,"S",,,,,"541.38",,,,,"World"
"2008","fruit_veg_availability","all",,"S",,,,,"552.61",,,,,"World"
"2009","fruit_veg_availability","all",,"S",,,,,"559.46",,,,,"World"
"2010","fruit_veg_availability","all",,"S",,,,,"567.86",,,,,"World"
"2011","fruit_veg_availability","all",,"S",,,,,"579.24",,,,,"World"
"2012","fruit_veg_availability","all",,"S",,,,,"592.23",,,,,"World"
"2013","fruit_veg_availability","all",,"S",,,,,"598.21",,,,,"World"
"2018","population","all",,"R",,,,,,7632819,,,,"World"
"1999","190_percent","all",,"R",,,,,"28.6",,,,,"World"
"2005","190_percent","all",,"R",,,,,"20.7",,,,,"World"
"2010","190_percent","all",,"R",,,,,"15.7",,,,,"World"
"2015","190_percent","all",,"R",,,,,"10",,,,,"World"
"1999","320_percent","all",,"R",,,,,"50.6",,,,,"World"
"2005","320_percent","all",,"R",,,,,"42.2",,,,,"World"
"2010","320_percent","all",,"R",,,,,"35.2",,,,,"World"
"2015","320_percent","all",,"R",,,,,"26.3",,,,,"World"
"1999","GDP_capita_PPP","all",,"R",,,,,"10008.35899",,,,,"World"
"2000","GDP_capita_PPP","all",,"R",,,,,"10345.60223",,,,,"World"
"2001","GDP_capita_PPP","all",,"R",,,,,"10452.59099",,,,,"World"
"2002","GDP_capita_PPP","all",,"R",,,,,"10602.44499",,,,,"World"
"2003","GDP_capita_PPP","all",,"R",,,,,"10865.26777",,,,,"World"
"2004","GDP_capita_PPP","all",,"R",,,,,"11309.7194",,,,,"World"
"2005","GDP_capita_PPP","all",,"R",,,,,"11697.9641",,,,,"World"
"2006","GDP_capita_PPP","all",,"R",,,,,"12170.49373",,,,,"World"
"2007","GDP_capita_PPP","all",,"R",,,,,"12671.50753",,,,,"World"
"2008","GDP_capita_PPP","all",,"R",,,,,"12873.9764",,,,,"World"
"2009","GDP_capita_PPP","all",,"R",,,,,"12669.07709",,,,,"World"
"2010","GDP_capita_PPP","all",,"R",,,,,"13175.93399",,,,,"World"
"2011","GDP_capita_PPP","all",,"R",,,,,"13555.67622",,,,,"World"
"2012","GDP_capita_PPP","all",,"R",,,,,"13838.01198",,,,,"World"
"2013","GDP_capita_PPP","all",,"R",,,,,"14137.54695",,,,,"World"
"2014","GDP_capita_PPP","all",,"R",,,,,"14462.38813",,,,,"World"
"2015","GDP_capita_PPP","all",,"R",,,,,"14778.02574",,,,,"World"
"2016","GDP_capita_PPP","all",,"R",,,,,"15080.37928",,,,,"World"
"2017","GDP_capita_PPP","all",,"R",,,,,"15469.20724",,,,,"World"
"1999","u5mr","all",,"R",,,,,"79.5",,,,,"World"
"2000","u5mr","all",,"R",,,,,"77.1",,,,,"World"
"2001","u5mr","all",,"R",,,,,"74.5",,,,,"World"
"2002","u5mr","all",,"R",,,,,"71.7",,,,,"World"
"2003","u5mr","all",,"R",,,,,"69",,,,,"World"
"2004","u5mr","all",,"R",,,,,"66.5",,,,,"World"
"2005","u5mr","all",,"R",,,,,"63.5",,,,,"World"
"2006","u5mr","all",,"R",,,,,"60.9",,,,,"World"
"2007","u5mr","all",,"R",,,,,"58.3",,,,,"World"
"2008","u5mr","all",,"R",,,,,"56",,,,,"World"
"2009","u5mr","all",,"R",,,,,"53.5",,,,,"World"
"2010","u5mr","all",,"R",,,,,"51.5",,,,,"World"
"2011","u5mr","all",,"R",,,,,"49.1",,,,,"World"
"2012","u5mr","all",,"R",,,,,"47.1",,,,,"World"
"2013","u5mr","all",,"R",,,,,"45.2",,,,,"World"
"2014","u5mr","all",,"R",,,,,"43.5",,,,,"World"
"2015","u5mr","all",,"R",,,,,"41.9",,,,,"World"
"2016","u5mr","all",,"R",,,,,"40.5",,,,,"World"
"2017","u5mr","all",,"R",,,,,"39.1",,,,,"World"
"2013","female_secondary_enroll_net","all",,"U",,,,,"64.5652694702148",,,,,"World"
"2014","female_secondary_enroll_net","all",,"U",,,,,"65.4466400146484",,,,,"World"
"2015","female_secondary_enroll_net","all",,"U",,,,,"65.6781387329102",,,,,"World"
"2016","female_secondary_enroll_net","all",,"U",,,,,"65.4947814941406",,,,,"World"
"2015","safely_managed_water","all",,"V",,,,,"71",,,,,"World"
"2015","basic_water","all",,"V",,,,,"17",,,,,"World"
"2015","limited_water","all",,"V",,,,,"4",,,,,"World"
"2015","unimproved_water","all",,"V",,,,,"6",,,,,"World"
"2015","surface_water","all",,"V",,,,,"2",,,,,"World"
"2015","safely_managed_sanitation","all",,"V",,,,,"39",,,,,"World"
"2015","basic_sanitation","all",,"V",,,,,"29",,,,,"World"
"2015","limited_sanitation","all",,"V",,,,,"8",,,,,"World"
"2015","unimproved_sanitation","all",,"V",,,,,"12",,,,,"World"
"2015","open_defecation","all",,"V",,,,,"12",,,,,"World"
"2000","agriculture_expenditure","all",,"V",,,,,"2.29351393198223",,,,,"World"
"2010","agriculture_expenditure","all",,"V",,,,,"3.09045875359619",,,,,"World"
"2012","agriculture_expenditure","all",,"V",,,,,"2.97299936998172",,,,,"World"
"2000","education_spending","all",,"V",,,,,"10.9897542574149",,,,,"World"
"2010","education_spending","all",,"V",,,,,"10.9768991414039",,,,,"World"
"2012","education_spending","all",,"V",,,,,"11.7095390348378",,,,,"World"
"2000","health_spending","all",,"V",,,,,"10.1731921562248",,,,,"World"
"2010","health_spending","all",,"V",,,,,"11.0602966455699",,,,,"World"
"2012","health_spending","all",,"V",,,,,"11.4102266885187",,,,,"World"
"2000","social_protection_spending","all",,"V",,,,,"32.3534118090272",,,,,"World"
"2010","social_protection_spending","all",,"V",,,,,"34.4118093994828",,,,,"World"
"2012","social_protection_spending","all",,"V",,,,,"35.1661820785022",,,,,"World"
,"coexistence","all","Wasting alone","G",,,,,"7.69844377564682",,,106,,"World"
,"coexistence","all","Wasting and stunting","G",,,,,"3.62487105754702",,,106,,"World"
,"coexistence","all","Stunting alone","G",,,,,"27.4087618001085",,,106,,"World"
,"coexistence","all","Stunting and overweight","G",,,,,"1.87064615816977",,,106,,"World"
,"coexistence","all","Overweight alone","G",,,,,"2.72731018023941",,,106,,"World"
,"coexistence","all","Free from","G",,,,,"56.6699679501186",,,106,,"World"
"1999","adolescent_obesity","gender","Boys","G",,,,,"0.0308323480804247",,,,,"World"
"2000","adolescent_obesity","gender","Boys","G",,,,,"0.0326031372577447",,,,,"World"
"2001","adolescent_obesity","gender","Boys","G",,,,,"0.0344784018312604",,,,,"World"
"2002","adolescent_obesity","gender","Boys","G",,,,,"0.0364531615111287",,,,,"World"
"2003","adolescent_obesity","gender","Boys","G",,,,,"0.0385319408717925",,,,,"World"
"2004","adolescent_obesity","gender","Boys","G",,,,,"0.040723949703483",,,,,"World"
"2005","adolescent_obesity","gender","Boys","G",,,,,"0.0430329312190037",,,,,"World"
"2006","adolescent_obesity","gender","Boys","G",,,,,"0.0454661096909247",,,,,"World"
"2007","adolescent_obesity","gender","Boys","G",,,,,"0.0480297834375655",,,,,"World"
"2008","adolescent_obesity","gender","Boys","G",,,,,"0.0507151305702308",,,,,"World"
"2009","adolescent_obesity","gender","Boys","G",,,,,"0.0535327719390089",,,,,"World"
"2010","adolescent_obesity","gender","Boys","G",,,,,"0.0564947001594062",,,,,"World"
"2011","adolescent_obesity","gender","Boys","G",,,,,"0.059614407605537",,,,,"World"
"2012","adolescent_obesity","gender","Boys","G",,,,,"0.0629046058367746",,,,,"World"
"2013","adolescent_obesity","gender","Boys","G",,,,,"0.0663764778462915",,,,,"World"
"2014","adolescent_obesity","gender","Boys","G",,,,,"0.070040683531746",,,,,"World"
"2015","adolescent_obesity","gender","Boys","G",,,,,"0.0738855589568762",,,,,"World"
"2016","adolescent_obesity","gender","Boys","G",,,,,"0.0779121716231142",,,,,"World"
"1999","adolescent_obesity","gender","Girls","G",,,,,"0.0235134621505908",,,,,"World"
"2000","adolescent_obesity","gender","Girls","G",,,,,"0.0247767376515287",,,,,"World"
"2001","adolescent_obesity","gender","Girls","G",,,,,"0.0261033654019301",,,,,"World"
"2002","adolescent_obesity","gender","Girls","G",,,,,"0.0274910052832312",,,,,"World"
"2003","adolescent_obesity","gender","Girls","G",,,,,"0.028947287858156",,,,,"World"
"2004","adolescent_obesity","gender","Girls","G",,,,,"0.0304764440221242",,,,,"World"
"2005","adolescent_obesity","gender","Girls","G",,,,,"0.032084588681034",,,,,"World"
"2006","adolescent_obesity","gender","Girls","G",,,,,"0.0337784236379113",,,,,"World"
"2007","adolescent_obesity","gender","Girls","G",,,,,"0.0355712324541533",,,,,"World"
"2008","adolescent_obesity","gender","Girls","G",,,,,"0.0374552996553505",,,,,"World"
"2009","adolescent_obesity","gender","Girls","G",,,,,"0.0394284769155522",,,,,"World"
"2010","adolescent_obesity","gender","Girls","G",,,,,"0.041495324836591",,,,,"World"
"2011","adolescent_obesity","gender","Girls","G",,,,,"0.0436627346174988",,,,,"World"
"2012","adolescent_obesity","gender","Girls","G",,,,,"0.0459423439835043",,,,,"World"
"2013","adolescent_obesity","gender","Girls","G",,,,,"0.0483444579484935",,,,,"World"
"2014","adolescent_obesity","gender","Girls","G",,,,,"0.0508773688198802",,,,,"World"
"2015","adolescent_obesity","gender","Girls","G",,,,,"0.0535476907641094",,,,,"World"
"2016","adolescent_obesity","gender","Girls","G",,,,,"0.056358559134409",,,,,"World"
"1999","adolescent_overweight","gender","Boys","G",,,,,"0.0986468279094134",,,,,"World"
"2000","adolescent_overweight","gender","Boys","G",,,,,"0.102767668439034",,,,,"World"
"2001","adolescent_overweight","gender","Boys","G",,,,,"0.107066310396011",,,,,"World"
"2002","adolescent_overweight","gender","Boys","G",,,,,"0.111524937324643",,,,,"World"
"2003","adolescent_overweight","gender","Boys","G",,,,,"0.116144764194236",,,,,"World"
"2004","adolescent_overweight","gender","Boys","G",,,,,"0.120925809556298",,,,,"World"
"2005","adolescent_overweight","gender","Boys","G",,,,,"0.125864242006149",,,,,"World"
"2006","adolescent_overweight","gender","Boys","G",,,,,"0.130959210837705",,,,,"World"
"2007","adolescent_overweight","gender","Boys","G",,,,,"0.136205497915916",,,,,"World"
"2008","adolescent_overweight","gender","Boys","G",,,,,"0.141581835262484",,,,,"World"
"2009","adolescent_overweight","gender","Boys","G",,,,,"0.14712018115053",,,,,"World"
"2010","adolescent_overweight","gender","Boys","G",,,,,"0.152841598235356",,,,,"World"
"2011","adolescent_overweight","gender","Boys","G",,,,,"0.158773873574207",,,,,"World"
"2012","adolescent_overweight","gender","Boys","G",,,,,"0.16493931559458",,,,,"World"
"2013","adolescent_overweight","gender","Boys","G",,,,,"0.171351555763125",,,,,"World"
"2014","adolescent_overweight","gender","Boys","G",,,,,"0.17801412289994",,,,,"World"
"2015","adolescent_overweight","gender","Boys","G",,,,,"0.184925789644065",,,,,"World"
"2016","adolescent_overweight","gender","Boys","G",,,,,"0.192092840287408",,,,,"World"
"1999","adolescent_overweight","gender","Girls","G",,,,,"0.0996576666274134",,,,,"World"
"2000","adolescent_overweight","gender","Girls","G",,,,,"0.103025661124036",,,,,"World"
"2001","adolescent_overweight","gender","Girls","G",,,,,"0.106511838117349",,,,,"World"
"2002","adolescent_overweight","gender","Girls","G",,,,,"0.110116695845152",,,,,"World"
"2003","adolescent_overweight","gender","Girls","G",,,,,"0.113849617853069",,,,,"World"
"2004","adolescent_overweight","gender","Girls","G",,,,,"0.117711378511854",,,,,"World"
"2005","adolescent_overweight","gender","Girls","G",,,,,"0.12170038879162",,,,,"World"
"2006","adolescent_overweight","gender","Girls","G",,,,,"0.125825492540446",,,,,"World"
"2007","adolescent_overweight","gender","Girls","G",,,,,"0.130089313923711",,,,,"World"
"2008","adolescent_overweight","gender","Girls","G",,,,,"0.134476934154223",,,,,"World"
"2009","adolescent_overweight","gender","Girls","G",,,,,"0.138982525053984",,,,,"World"
"2010","adolescent_overweight","gender","Girls","G",,,,,"0.143614963038047",,,,,"World"
"2011","adolescent_overweight","gender","Girls","G",,,,,"0.148383837731207",,,,,"World"
"2012","adolescent_overweight","gender","Girls","G",,,,,"0.15330355517049",,,,,"World"
"2013","adolescent_overweight","gender","Girls","G",,,,,"0.1583878218189",,,,,"World"
"2014","adolescent_overweight","gender","Girls","G",,,,,"0.163640362059302",,,,,"World"
"2015","adolescent_overweight","gender","Girls","G",,,,,"0.169066890407359",,,,,"World"
"2016","adolescent_overweight","gender","Girls","G",,,,,"0.174661535362463",,,,,"World"
"1999","adolescent_underweight","gender","Boys","G",,,,,"0.373211164925936",,,,,"World"
"2000","adolescent_underweight","gender","Boys","G",,,,,"0.370461081896692",,,,,"World"
"2001","adolescent_underweight","gender","Boys","G",,,,,"0.367702774394298",,,,,"World"
"2002","adolescent_underweight","gender","Boys","G",,,,,"0.36493073170681",,,,,"World"
"2003","adolescent_underweight","gender","Boys","G",,,,,"0.362152393158379",,,,,"World"
"2004","adolescent_underweight","gender","Boys","G",,,,,"0.35934553612329",,,,,"World"
"2005","adolescent_underweight","gender","Boys","G",,,,,"0.35647614629041",,,,,"World"
"2006","adolescent_underweight","gender","Boys","G",,,,,"0.353546117952483",,,,,"World"
"2007","adolescent_underweight","gender","Boys","G",,,,,"0.350546948904195",,,,,"World"
"2008","adolescent_underweight","gender","Boys","G",,,,,"0.34746609286761",,,,,"World"
"2009","adolescent_underweight","gender","Boys","G",,,,,"0.344217457021735",,,,,"World"
"2010","adolescent_underweight","gender","Boys","G",,,,,"0.340742229271483",,,,,"World"
"2011","adolescent_underweight","gender","Boys","G",,,,,"0.33702489083847",,,,,"World"
"2012","adolescent_underweight","gender","Boys","G",,,,,"0.333081424530264",,,,,"World"
"2013","adolescent_underweight","gender","Boys","G",,,,,"0.328928458874609",,,,,"World"
"2014","adolescent_underweight","gender","Boys","G",,,,,"0.324610248157191",,,,,"World"
"2015","adolescent_underweight","gender","Boys","G",,,,,"0.320160876654601",,,,,"World"
"2016","adolescent_underweight","gender","Boys","G",,,,,"0.315582338244882",,,,,"World"
"1999","adolescent_underweight","gender","Girls","G",,,,,"0.297931707661019",,,,,"World"
"2000","adolescent_underweight","gender","Girls","G",,,,,"0.296031924944713",,,,,"World"
"2001","adolescent_underweight","gender","Girls","G",,,,,"0.294103640335782",,,,,"World"
"2002","adolescent_underweight","gender","Girls","G",,,,,"0.292138656736091",,,,,"World"
"2003","adolescent_underweight","gender","Girls","G",,,,,"0.290158542471892",,,,,"World"
"2004","adolescent_underweight","gender","Girls","G",,,,,"0.288158958349654",,,,,"World"
"2005","adolescent_underweight","gender","Girls","G",,,,,"0.286120833035304",,,,,"World"
"2006","adolescent_underweight","gender","Girls","G",,,,,"0.284046931542",,,,,"World"
"2007","adolescent_underweight","gender","Girls","G",,,,,"0.281941477022512",,,,,"World"
"2008","adolescent_underweight","gender","Girls","G",,,,,"0.279795075421031",,,,,"World"
"2009","adolescent_underweight","gender","Girls","G",,,,,"0.277572599935501",,,,,"World"
"2010","adolescent_underweight","gender","Girls","G",,,,,"0.275242510035353",,,,,"World"
"2011","adolescent_underweight","gender","Girls","G",,,,,"0.27279247731033",,,,,"World"
"2012","adolescent_underweight","gender","Girls","G",,,,,"0.270231469851079",,,,,"World"
"2013","adolescent_underweight","gender","Girls","G",,,,,"0.267570442426228",,,,,"World"
"2014","adolescent_underweight","gender","Girls","G",,,,,"0.264843699481919",,,,,"World"
"2015","adolescent_underweight","gender","Girls","G",,,,,"0.26207807586103",,,,,"World"
"2016","adolescent_underweight","gender","Girls","G",,,,,"0.259277061475842",,,,,"World"
"2007","ODA_received","all",,"P",,,,,"0.00189513334564746",,,,,"World"
"2007","ODA_specific","all",,"P",,,,,"207.398233",,,,,"World"
"2008","ODA_received","all",,"P",,,,,"0.00168187376433681",,,,,"World"
"2008","ODA_specific","all",,"P",,,,,"204.815911",,,,,"World"
"2009","ODA_received","all",,"P",,,,,"0.00283058792538559",,,,,"World"
"2009","ODA_specific","all",,"P",,,,,"361.626522",,,,,"World"
"2010","ODA_received","all",,"P",,,,,"0.00299120002368365",,,,,"World"
"2010","ODA_specific","all",,"P",,,,,"408.649816",,,,,"World"
"2011","ODA_received","all",,"P",,,,,"0.00302696058911061",,,,,"World"
"2011","ODA_specific","all",,"P",,,,,"416.834199",,,,,"World"
"2012","ODA_received","all",,"P",,,,,"0.00489099231853193",,,,,"World"
"2012","ODA_specific","all",,"P",,,,,"659.744668",,,,,"World"
"2013","ODA_received","all",,"P",,,,,"0.00574120672713896",,,,,"World"
"2013","ODA_specific","all",,"P",,,,,"868.139433",,,,,"World"
"2014","ODA_received","all",,"P",,,,,"0.00567671349224455",,,,,"World"
"2014","ODA_specific","all",,"P",,,,,"848.544748",,,,,"World"
"2015","ODA_received","all",,"P",,,,,"0.00491132557383127",,,,,"World"
"2015","ODA_specific","all",,"P",,,,,"856.763688",,,,,"World"
"2016","ODA_received","all",,"P",,,,,"0.00474648488576847",,,,,"World"
"2016","ODA_specific","all",,"P",,,,,"856.246895",,,,,"World"
