Data Source,World Development Indicators,,,,,,,,,,,,,,,,,,,,,,,,,,,,,,,,,,,,,,,,,,,,,,,,,,,,,,,,,,,,
,,,,,,,,,,,,,,,,,,,,,,,,,,,,,,,,,,,,,,,,,,,,,,,,,,,,,,,,,,,,,
Last Updated Date,14/11/2018,,,,,,,,,,,,,,,,,,,,,,,,,,,,,,,,,,,,,,,,,,,,,,,,,,,,,,,,,,,,
,,,,,,,,,,,,,,,,,,,,,,,,,,,,,,,,,,,,,,,,,,,,,,,,,,,,,,,,,,,,,
Country Name,Country Code,Indicator Name,Indicator Code,1960,1961,1962,1963,1964,1965,1966,1967,1968,1969,1970,1971,1972,1973,1974,1975,1976,1977,1978,1979,1980,1981,1982,1983,1984,1985,1986,1987,1988,1989,1990,1991,1992,1993,1994,1995,1996,1997,1998,1999,2000,2001,2002,2003,2004,2005,2006,2007,2008,2009,2010,2011,2012,2013,2014,2015,2016,2017
Aruba,ABW,Poverty headcount ratio at $3.20 a day (2011 PPP) (% of population),SI.POV.LMIC,,,,,,,,,,,,,,,,,,,,,,,,,,,,,,,,,,,,,,,,,,,,,,,,,,,,,,,,,,
Afghanistan,AFG,Poverty headcount ratio at $3.20 a day (2011 PPP) (% of population),SI.POV.LMIC,,,,,,,,,,,,,,,,,,,,,,,,,,,,,,,,,,,,,,,,,,,,,,,,,,,,,,,,,,
Angola,AGO,Poverty headcount ratio at $3.20 a day (2011 PPP) (% of population),SI.POV.LMIC,,,,,,,,,,,,,,,,,,,,,,,,,,,,,,,,,,,,,,,,,55.6,,,,,,,,55.7,,,,,,,,,
Albania,ALB,Poverty headcount ratio at $3.20 a day (2011 PPP) (% of population),SI.POV.LMIC,,,,,,,,,,,,,,,,,,,,,,,,,,,,,,,,,,,,,13.9,,,,,,17,,,10.9,,,6.5,,,,7.7,,,,,
Andorra,AND,Poverty headcount ratio at $3.20 a day (2011 PPP) (% of population),SI.POV.LMIC,,,,,,,,,,,,,,,,,,,,,,,,,,,,,,,,,,,,,,,,,,,,,,,,,,,,,,,,,,
Arab World,ARB,Poverty headcount ratio at $3.20 a day (2011 PPP) (% of population),SI.POV.LMIC,,,,,,,,,,,,,,,,,,,,,,,,,,,,,,,,,,,,,,,,,,,,,,,,,,,,,,,,,,
United Arab Emirates,ARE,Poverty headcount ratio at $3.20 a day (2011 PPP) (% of population),SI.POV.LMIC,,,,,,,,,,,,,,,,,,,,,,,,,,,,,,,,,,,,,,,,,,,,,,,,,,,,,,,,,,
Argentina,ARG,Poverty headcount ratio at $3.20 a day (2011 PPP) (% of population),SI.POV.LMIC,,,,,,,,,,,,,,,,,,,,,1.2,,,,,,0,0.9,,,,4.4,4.9,5.8,5.5,8.6,9.5,8.8,10.1,10.7,12.6,17.3,26.2,15.5,12.1,10,8,6.9,6.2,6,3.7,2.6,2.7,2.4,2.8,,2.4,
Armenia,ARM,Poverty headcount ratio at $3.20 a day (2011 PPP) (% of population),SI.POV.LMIC,,,,,,,,,,,,,,,,,,,,,,,,,,,,,,,,,,,,,,,,52.5,,55.6,52.3,48,36.3,26.9,22.5,18.7,13.6,19.2,20.5,18.8,17.1,16.2,16.4,13.5,14.1,
American Samoa,ASM,Poverty headcount ratio at $3.20 a day (2011 PPP) (% of population),SI.POV.LMIC,,,,,,,,,,,,,,,,,,,,,,,,,,,,,,,,,,,,,,,,,,,,,,,,,,,,,,,,,,
Antigua and Barbuda,ATG,Poverty headcount ratio at $3.20 a day (2011 PPP) (% of population),SI.POV.LMIC,,,,,,,,,,,,,,,,,,,,,,,,,,,,,,,,,,,,,,,,,,,,,,,,,,,,,,,,,,
Australia,AUS,Poverty headcount ratio at $3.20 a day (2011 PPP) (% of population),SI.POV.LMIC,,,,,,,,,,,,,,,,,,,,,,1.2,,,,1.2,,,,1,,,,,,1.2,,,,,,1,,1.2,,,,,0.5,,0.5,,,,,,,
Austria,AUT,Poverty headcount ratio at $3.20 a day (2011 PPP) (% of population),SI.POV.LMIC,,,,,,,,,,,,,,,,,,,,,,,,,,,,,,,,,,,,,,,,,,,,0.5,0.2,0.2,0.2,0.5,0.5,0.7,0.5,0.5,0.7,0.5,0.2,0.7,,
Azerbaijan,AZE,Poverty headcount ratio at $3.20 a day (2011 PPP) (% of population),SI.POV.LMIC,,,,,,,,,,,,,,,,,,,,,,,,,,,,,,,,,,,,26.3,,,,,,17.7,0.3,0.5,0,0,,,,,,,,,,,,
Burundi,BDI,Poverty headcount ratio at $3.20 a day (2011 PPP) (% of population),SI.POV.LMIC,,,,,,,,,,,,,,,,,,,,,,,,,,,,,,,,,94.8,,,,,,95.3,,,,,,,,92.9,,,,,,,89.2,,,,
Belgium,BEL,Poverty headcount ratio at $3.20 a day (2011 PPP) (% of population),SI.POV.LMIC,,,,,,,,,,,,,,,,,,,,,,,,,,,,,,,,,,,,,,,,,,,,0.5,0.2,0.2,0.2,0.2,0.2,0.2,0.2,0.2,0.2,0.2,0.2,0.2,,
Benin,BEN,Poverty headcount ratio at $3.20 a day (2011 PPP) (% of population),SI.POV.LMIC,,,,,,,,,,,,,,,,,,,,,,,,,,,,,,,,,,,,,,,,,,,,78.3,,,,,,,,76.7,,,,76.2,,
Burkina Faso,BFA,Poverty headcount ratio at $3.20 a day (2011 PPP) (% of population),SI.POV.LMIC,,,,,,,,,,,,,,,,,,,,,,,,,,,,,,,,,,,92.8,,,,91.3,,,,,80.3,,,,,,81.5,,,,,76.4,,,
Bangladesh,BGD,Poverty headcount ratio at $3.20 a day (2011 PPP) (% of population),SI.POV.LMIC,,,,,,,,,,,,,,,,,,,,,,,,76.7,,71.3,,,79.5,,,83.9,,,,75.3,,,,,72.7,,,,,66.3,,,,,60.4,,,,,,52.9,
Bulgaria,BGR,Poverty headcount ratio at $3.20 a day (2011 PPP) (% of population),SI.POV.LMIC,,,,,,,,,,,,,,,,,,,,,,,,,,,,,,,,,0,,,,,,,,,,,,,,10.7,4.5,3.2,2.7,4.2,5,5,4.7,3.7,,,
Bahrain,BHR,Poverty headcount ratio at $3.20 a day (2011 PPP) (% of population),SI.POV.LMIC,,,,,,,,,,,,,,,,,,,,,,,,,,,,,,,,,,,,,,,,,,,,,,,,,,,,,,,,,,
"Bahamas, The",BHS,Poverty headcount ratio at $3.20 a day (2011 PPP) (% of population),SI.POV.LMIC,,,,,,,,,,,,,,,,,,,,,,,,,,,,,,,,,,,,,,,,,,,,,,,,,,,,,,,,,,
Bosnia and Herzegovina,BIH,Poverty headcount ratio at $3.20 a day (2011 PPP) (% of population),SI.POV.LMIC,,,,,,,,,,,,,,,,,,,,,,,,,,,,,,,,,,,,,,,,,,1,,,0.6,,,0.4,,,,0.8,,,,0.8,,
Belarus,BLR,Poverty headcount ratio at $3.20 a day (2011 PPP) (% of population),SI.POV.LMIC,,,,,,,,,,,,,,,,,,,,,,,,,,,,,,,,,,,,,,,39.1,34.5,27.2,15.3,11,9.1,4.5,2.5,1.1,1.1,0.5,0.5,0.2,0.1,0.1,0,0,0,0,
Belize,BLZ,Poverty headcount ratio at $3.20 a day (2011 PPP) (% of population),SI.POV.LMIC,,,,,,,,,,,,,,,,,,,,,,,,,,,,,,,,,,24.8,26.3,,31.5,35.1,34.2,29.8,,,,,,,,,,,,,,,,,,
Bermuda,BMU,Poverty headcount ratio at $3.20 a day (2011 PPP) (% of population),SI.POV.LMIC,,,,,,,,,,,,,,,,,,,,,,,,,,,,,,,,,,,,,,,,,,,,,,,,,,,,,,,,,,
Bolivia,BOL,Poverty headcount ratio at $3.20 a day (2011 PPP) (% of population),SI.POV.LMIC,,,,,,,,,,,,,,,,,,,,,,,,,,,,,,,23.9,,,,,,,32.1,,38.2,41.4,36.2,38.6,,29.2,32.1,28.6,26.4,20.3,18.4,,14.1,14.7,12.2,12.3,11.7,12.6,
Brazil,BRA,Poverty headcount ratio at $3.20 a day (2011 PPP) (% of population),SI.POV.LMIC,,,,,,,,,,,,,,,,,,,,,,39.2,39.1,47.3,46.6,41.5,23.3,33.1,35.9,33.3,38.5,,37.2,36.4,,26.9,27.3,27.8,25.4,27.3,,23.5,22.4,23.5,21.6,19.7,17.1,15.7,13.5,12.5,,10.3,8.7,8.2,6.9,8,,
Barbados,BRB,Poverty headcount ratio at $3.20 a day (2011 PPP) (% of population),SI.POV.LMIC,,,,,,,,,,,,,,,,,,,,,,,,,,,,,,,,,,,,,,,,,,,,,,,,,,,,,,,,,,
Brunei Darussalam,BRN,Poverty headcount ratio at $3.20 a day (2011 PPP) (% of population),SI.POV.LMIC,,,,,,,,,,,,,,,,,,,,,,,,,,,,,,,,,,,,,,,,,,,,,,,,,,,,,,,,,,
Bhutan,BTN,Poverty headcount ratio at $3.20 a day (2011 PPP) (% of population),SI.POV.LMIC,,,,,,,,,,,,,,,,,,,,,,,,,,,,,,,,,,,,,,,,,,,,45.2,,,,30.5,,,,,14.5,,,,,12
Botswana,BWA,Poverty headcount ratio at $3.20 a day (2011 PPP) (% of population),SI.POV.LMIC,,,,,,,,,,,,,,,,,,,,,,,,,,63.8,,,,,,,,56,,,,,,,,,50.2,,,,,,,37.1,,,,,,,,
Central African Republic,CAF,Poverty headcount ratio at $3.20 a day (2011 PPP) (% of population),SI.POV.LMIC,,,,,,,,,,,,,,,,,,,,,,,,,,,,,,,,,92.3,,,,,,,,,,,85.1,,,,,83.1,,,,,,,,,
Canada,CAN,Poverty headcount ratio at $3.20 a day (2011 PPP) (% of population),SI.POV.LMIC,,,,,,,,,,,,,,,,,,,,,,0.7,,,,,,0.2,,,,0.2,,,0.2,,,0.5,0.5,,0.5,,,,0.2,,,0.2,,,0.2,,,0.5,,,,
Central Europe and the Baltics,CEB,Poverty headcount ratio at $3.20 a day (2011 PPP) (% of population),SI.POV.LMIC,,,,,,,,,,,,,,,,,,,,,,,,,,,,,,,,,,,,,,,,,,,,,,,,,,,,,,,,,,
Switzerland,CHE,Poverty headcount ratio at $3.20 a day (2011 PPP) (% of population),SI.POV.LMIC,,,,,,,,,,,,,,,,,,,,,,,,,,,,,,,,,,,,,,,,,,,,,,,0.2,0,0.2,0,0.2,0,0,0,0,0,,
Channel Islands,CHI,Poverty headcount ratio at $3.20 a day (2011 PPP) (% of population),SI.POV.LMIC,,,,,,,,,,,,,,,,,,,,,,,,,,,,,,,,,,,,,,,,,,,,,,,,,,,,,,,,,,
Chile,CHL,Poverty headcount ratio at $3.20 a day (2011 PPP) (% of population),SI.POV.LMIC,,,,,,,,,,,,,,,,,,,,,,,,,,,,28.8,,,22.7,,16.7,,15.7,,12.4,,11.4,,12.4,,,11.5,,,7.4,,,6.7,,4.7,,2.6,,3.1,,
China,CHN,Poverty headcount ratio at $3.20 a day (2011 PPP) (% of population),SI.POV.LMIC,,,,,,,,,,,,,,,,,,,,,,,,,,,,,,,90.1,,,83.5,,,73.1,,,68.5,,,57.9,,,43.5,,,34.4,,28.5,23.5,20.2,12.1,9.5,7,,
Cote d'Ivoire,CIV,Poverty headcount ratio at $3.20 a day (2011 PPP) (% of population),SI.POV.LMIC,,,,,,,,,,,,,,,,,,,,,,,,,,19.2,18.6,26.2,34.5,,,,49.6,,,49.6,,,55.9,,,,56.5,,,,,,57.1,,,,,,,57.4,,
Cameroon,CMR,Poverty headcount ratio at $3.20 a day (2011 PPP) (% of population),SI.POV.LMIC,,,,,,,,,,,,,,,,,,,,,,,,,,,,,,,,,,,,,73.3,,,,,52.7,,,,,,55.7,,,,,,,44.8,,,
"Congo, Dem. Rep.",COD,Poverty headcount ratio at $3.20 a day (2011 PPP) (% of population),SI.POV.LMIC,,,,,,,,,,,,,,,,,,,,,,,,,,,,,,,,,,,,,,,,,,,,,98.5,,,,,,,,91.3,,,,,
"Congo, Rep.",COG,Poverty headcount ratio at $3.20 a day (2011 PPP) (% of population),SI.POV.LMIC,,,,,,,,,,,,,,,,,,,,,,,,,,,,,,,,,,,,,,,,,,,,,,74.2,,,,,,61.3,,,,,,
Colombia,COL,Poverty headcount ratio at $3.20 a day (2011 PPP) (% of population),SI.POV.LMIC,,,,,,,,,,,,,,,,,,,,,,,,,,,,,,,,,22.6,,,,32.1,,,36,30.7,36.6,30.3,27.2,26.5,23.4,,,22.6,20.7,18.4,16.3,15.6,14.3,13.2,11.9,11.8,
Comoros,COM,Poverty headcount ratio at $3.20 a day (2011 PPP) (% of population),SI.POV.LMIC,,,,,,,,,,,,,,,,,,,,,,,,,,,,,,,,,,,,,,,,,,,,,33.8,,,,,,,,,38.1,,,,
Cabo Verde,CPV,Poverty headcount ratio at $3.20 a day (2011 PPP) (% of population),SI.POV.LMIC,,,,,,,,,,,,,,,,,,,,,,,,,,,,,,,,,,,,,,,,,,37.3,,,,,,26.5,,,,,,,,,,
Costa Rica,CRI,Poverty headcount ratio at $3.20 a day (2011 PPP) (% of population),SI.POV.LMIC,,,,,,,,,,,,,,,,,,,,,,42.4,,,,,26.7,,,21.8,19.3,23.3,19.7,16.1,13.6,14.1,16.7,13.8,10.8,13.1,13.7,10.6,9.8,9.6,9.1,7.7,7.6,5.2,5.2,5.5,4,4.3,4.2,4,3.8,4,3.8,
Caribbean small states,CSS,Poverty headcount ratio at $3.20 a day (2011 PPP) (% of population),SI.POV.LMIC,,,,,,,,,,,,,,,,,,,,,,,,,,,,,,,,,,,,,,,,,,,,,,,,,,,,,,,,,,
Cuba,CUB,Poverty headcount ratio at $3.20 a day (2011 PPP) (% of population),SI.POV.LMIC,,,,,,,,,,,,,,,,,,,,,,,,,,,,,,,,,,,,,,,,,,,,,,,,,,,,,,,,,,
Curacao,CUW,Poverty headcount ratio at $3.20 a day (2011 PPP) (% of population),SI.POV.LMIC,,,,,,,,,,,,,,,,,,,,,,,,,,,,,,,,,,,,,,,,,,,,,,,,,,,,,,,,,,
Cayman Islands,CYM,Poverty headcount ratio at $3.20 a day (2011 PPP) (% of population),SI.POV.LMIC,,,,,,,,,,,,,,,,,,,,,,,,,,,,,,,,,,,,,,,,,,,,,,,,,,,,,,,,,,
Cyprus,CYP,Poverty headcount ratio at $3.20 a day (2011 PPP) (% of population),SI.POV.LMIC,,,,,,,,,,,,,,,,,,,,,,,,,,,,,,,,,,,,,,,,,,,,,0,0,0,0,0,0.2,0,0,0,0.2,0.2,0,,
Czech Republic,CZE,Poverty headcount ratio at $3.20 a day (2011 PPP) (% of population),SI.POV.LMIC,,,,,,,,,,,,,,,,,,,,,,,,,,,,,,,,,,0,,,0.3,,,,,,,,0,0,0.2,0.2,0.2,0,0.2,0.2,0.2,0,0,0,,
Germany,DEU,Poverty headcount ratio at $3.20 a day (2011 PPP) (% of population),SI.POV.LMIC,,,,,,,,,,,,,,,,,,,,,,,,,,,,,,,,0,,,0.2,,,,,,0.2,0,,,0.2,,0,0,,,0.2,0,,0,,0,,
Djibouti,DJI,Poverty headcount ratio at $3.20 a day (2011 PPP) (% of population),SI.POV.LMIC,,,,,,,,,,,,,,,,,,,,,,,,,,,,,,,,,,,,,,,,,,,47.8,,,,,,,,,,38.7,44.6,,,,
Dominica,DMA,Poverty headcount ratio at $3.20 a day (2011 PPP) (% of population),SI.POV.LMIC,,,,,,,,,,,,,,,,,,,,,,,,,,,,,,,,,,,,,,,,,,,,,,,,,,,,,,,,,,
Denmark,DNK,Poverty headcount ratio at $3.20 a day (2011 PPP) (% of population),SI.POV.LMIC,,,,,,,,,,,,,,,,,,,,,,,,,,,,,,,,,,,,,,,,,,,,0.5,0.2,0.2,0.2,0.2,0.2,0.7,0,0,0,0.4,0.2,0.2,,
Dominican Republic,DOM,Poverty headcount ratio at $3.20 a day (2011 PPP) (% of population),SI.POV.LMIC,,,,,,,,,,,,,,,,,,,,,,,,,,,13.5,,,30.8,,,17.7,,,,13.4,12.6,,,13,12.5,14.6,17.9,23.2,16.8,14.2,13.7,14.1,12.7,12.4,10.4,11.5,10.5,8.3,7,6.2,
Algeria,DZA,Poverty headcount ratio at $3.20 a day (2011 PPP) (% of population),SI.POV.LMIC,,,,,,,,,,,,,,,,,,,,,,,,,,,,,25,,,,,,,24.1,,,,,,,,,,,,,,,,3.9,,,,,,
East Asia & Pacific (excluding high income),EAP,Poverty headcount ratio at $3.20 a day (2011 PPP) (% of population),SI.POV.LMIC,,,,,,,,,,,,,,,,,,,,,,,,,,,,,,,,,,,,,,,,,,,,,,,,,,,,,,,,,,
Early-demographic dividend,EAR,Poverty headcount ratio at $3.20 a day (2011 PPP) (% of population),SI.POV.LMIC,,,,,,,,,,,,,,,,,,,,,,,,,,,,,,,,,,,,,,,,,,,,,,,,,,,,,,,,,,
East Asia & Pacific,EAS,Poverty headcount ratio at $3.20 a day (2011 PPP) (% of population),SI.POV.LMIC,,,,,,,,,,,,,,,,,,,,,,93.7,,,91,,,86.6,,,85.3,,,79.7,,,70.6,,,67.1,,,57.2,,,45.4,,,37.4,,30.6,26.5,23.7,17.5,,12.5,,
Europe & Central Asia (excluding high income),ECA,Poverty headcount ratio at $3.20 a day (2011 PPP) (% of population),SI.POV.LMIC,,,,,,,,,,,,,,,,,,,,,,,,,,,,,,,,,,,,,,,,,,,,,,,,,,,,,,,,,,
Europe & Central Asia,ECS,Poverty headcount ratio at $3.20 a day (2011 PPP) (% of population),SI.POV.LMIC,,,,,,,,,,,,,,,,,,,,,,,,,,,,,,,,,,15.1,,,19.2,,,21.1,,,14.9,,,11.8,,,7.5,,7,6.6,6.3,5.7,,5.4,,
Ecuador,ECU,Poverty headcount ratio at $3.20 a day (2011 PPP) (% of population),SI.POV.LMIC,,,,,,,,,,,,,,,,,,,,,,,,,,,,32.4,,,,,,,34.7,,,,35.7,40.2,49.9,,,30.1,31.9,25.7,19.8,19.2,18.1,17.2,14.7,12.2,11.4,10.1,8.6,9.4,9.4,
"Egypt, Arab Rep.",EGY,Poverty headcount ratio at $3.20 a day (2011 PPP) (% of population),SI.POV.LMIC,,,,,,,,,,,,,,,,,,,,,,,,,,,,,,,37.9,,,,,38.6,,,,24.1,,,,,32.6,,,,30.7,,26.6,,22.7,,,16.1,,
Euro area,EMU,Poverty headcount ratio at $3.20 a day (2011 PPP) (% of population),SI.POV.LMIC,,,,,,,,,,,,,,,,,,,,,,,,,,,,,,,,,,,,,,,,,,,,,,,,,,,,,,,,,,
Eritrea,ERI,Poverty headcount ratio at $3.20 a day (2011 PPP) (% of population),SI.POV.LMIC,,,,,,,,,,,,,,,,,,,,,,,,,,,,,,,,,,,,,,,,,,,,,,,,,,,,,,,,,,
Spain,ESP,Poverty headcount ratio at $3.20 a day (2011 PPP) (% of population),SI.POV.LMIC,,,,,,,,,,,,,,,,,,,,,,,,,,,,,,,,,,,,,,,,,,,,1.2,1.2,1,1.2,0.7,1,1,1,1.7,1.5,1.7,1.5,1.5,,
Estonia,EST,Poverty headcount ratio at $3.20 a day (2011 PPP) (% of population),SI.POV.LMIC,,,,,,,,,,,,,,,,,,,,,,,,,,,,,,,,,,6.4,,,,,,,,,,5.2,3,2,1.5,0.7,1,1.2,1.7,1.7,1.5,1.5,1.2,1,,
Ethiopia,ETH,Poverty headcount ratio at $3.20 a day (2011 PPP) (% of population),SI.POV.LMIC,,,,,,,,,,,,,,,,,,,,,,,,,,,,,,,,,,,,87.8,,,,88.3,,,,,78,,,,,,73.1,,,,,61.4,,
European Union,EUU,Poverty headcount ratio at $3.20 a day (2011 PPP) (% of population),SI.POV.LMIC,,,,,,,,,,,,,,,,,,,,,,,,,,,,,,,,,,,,,,,,,,,,,,,,,,,,,,,,,,
Fragile and conflict affected situations,FCS,Poverty headcount ratio at $3.20 a day (2011 PPP) (% of population),SI.POV.LMIC,,,,,,,,,,,,,,,,,,,,,,71.2,,,73.6,,,72,,,70.5,,,74.9,,,72.4,,,68.3,,,67.7,,,65.3,,,61.4,,58.5,58.5,57.1,56.1,,57,,
Finland,FIN,Poverty headcount ratio at $3.20 a day (2011 PPP) (% of population),SI.POV.LMIC,,,,,,,,,,,,,,,,,,,,,,,,,,,,,,,,,,,,,,,,,,,,0,0,0,0,0,0,0,0,0,0,0,0,0,,
Fiji,FJI,Poverty headcount ratio at $3.20 a day (2011 PPP) (% of population),SI.POV.LMIC,,,,,,,,,,,,,,,,,,,,,,,,,,,,,,,,,,,,,,,,,,,21.8,,,,,,17,,,,,14.1,,,,
France,FRA,Poverty headcount ratio at $3.20 a day (2011 PPP) (% of population),SI.POV.LMIC,,,,,,,,,,,,,,,,,,,,,,,,,,,,,,,,,,,,,,,,,,,,0.2,0,0,0,0,0,0.2,0.2,0,0,0,0,0.2,,
Faroe Islands,FRO,Poverty headcount ratio at $3.20 a day (2011 PPP) (% of population),SI.POV.LMIC,,,,,,,,,,,,,,,,,,,,,,,,,,,,,,,,,,,,,,,,,,,,,,,,,,,,,,,,,,
"Micronesia, Fed. Sts.",FSM,Poverty headcount ratio at $3.20 a day (2011 PPP) (% of population),SI.POV.LMIC,,,,,,,,,,,,,,,,,,,,,,,,,,,,,,,,,,,,,,,,,,,,,,25,,,,,,,,39.5,,,,
Gabon,GAB,Poverty headcount ratio at $3.20 a day (2011 PPP) (% of population),SI.POV.LMIC,,,,,,,,,,,,,,,,,,,,,,,,,,,,,,,,,,,,,,,,,,,,,,25.8,,,,,,,,,,,,11.3
United Kingdom,GBR,Poverty headcount ratio at $3.20 a day (2011 PPP) (% of population),SI.POV.LMIC,,,,,,,,,,,,,,,,,,,,,,,,,,,,,,,,,,,,,,,,,,,,,0.5,0.7,0.2,0.5,0.5,0.2,0.2,0.5,0.2,0.2,0.2,0.2,,
Georgia,GEO,Poverty headcount ratio at $3.20 a day (2011 PPP) (% of population),SI.POV.LMIC,,,,,,,,,,,,,,,,,,,,,,,,,,,,,,,,,,,,,18.2,38.1,36.9,43.8,46.7,49.4,32,32.6,30.1,32.7,32.5,35.2,32.8,29.6,32.6,29.4,26.5,22.1,18.7,16.7,17.1,
Ghana,GHA,Poverty headcount ratio at $3.20 a day (2011 PPP) (% of population),SI.POV.LMIC,,,,,,,,,,,,,,,,,,,,,,,,,,,,75.6,74.8,,,78.6,,,,,,,63.3,,,,,,,50.1,,,,,,,32.5,,,,,
Gibraltar,GIB,Poverty headcount ratio at $3.20 a day (2011 PPP) (% of population),SI.POV.LMIC,,,,,,,,,,,,,,,,,,,,,,,,,,,,,,,,,,,,,,,,,,,,,,,,,,,,,,,,,,
Guinea,GIN,Poverty headcount ratio at $3.20 a day (2011 PPP) (% of population),SI.POV.LMIC,,,,,,,,,,,,,,,,,,,,,,,,,,,,,,,,98.5,,,73.4,,,,,,,,84.2,,,,,82.3,,,,,70.3,,,,,
"Gambia, The",GMB,Poverty headcount ratio at $3.20 a day (2011 PPP) (% of population),SI.POV.LMIC,,,,,,,,,,,,,,,,,,,,,,,,,,,,,,,,,,,,,,,86.8,,,,,69.6,,,,,,,53,,,,,37.8,,
Guinea-Bissau,GNB,Poverty headcount ratio at $3.20 a day (2011 PPP) (% of population),SI.POV.LMIC,,,,,,,,,,,,,,,,,,,,,,,,,,,,,,,,62.3,,86.1,,,,,,,,,82.6,,,,,,,,84.5,,,,,,,
Equatorial Guinea,GNQ,Poverty headcount ratio at $3.20 a day (2011 PPP) (% of population),SI.POV.LMIC,,,,,,,,,,,,,,,,,,,,,,,,,,,,,,,,,,,,,,,,,,,,,,,,,,,,,,,,,,
Greece,GRC,Poverty headcount ratio at $3.20 a day (2011 PPP) (% of population),SI.POV.LMIC,,,,,,,,,,,,,,,,,,,,,,,,,,,,,,,,,,,,,,,,,,,,0.7,1,0.5,1,0.7,0.5,0.7,1.2,2,3,2.7,3,2.7,,
Grenada,GRD,Poverty headcount ratio at $3.20 a day (2011 PPP) (% of population),SI.POV.LMIC,,,,,,,,,,,,,,,,,,,,,,,,,,,,,,,,,,,,,,,,,,,,,,,,,,,,,,,,,,
Greenland,GRL,Poverty headcount ratio at $3.20 a day (2011 PPP) (% of population),SI.POV.LMIC,,,,,,,,,,,,,,,,,,,,,,,,,,,,,,,,,,,,,,,,,,,,,,,,,,,,,,,,,,
Guatemala,GTM,Poverty headcount ratio at $3.20 a day (2011 PPP) (% of population),SI.POV.LMIC,,,,,,,,,,,,,,,,,,,,,,,,,,,68.7,,,54,,,,,,,,,28.1,,22.2,,,,,,24.2,,,,,,,,24.2,,,
Guam,GUM,Poverty headcount ratio at $3.20 a day (2011 PPP) (% of population),SI.POV.LMIC,,,,,,,,,,,,,,,,,,,,,,,,,,,,,,,,,,,,,,,,,,,,,,,,,,,,,,,,,,
Guyana,GUY,Poverty headcount ratio at $3.20 a day (2011 PPP) (% of population),SI.POV.LMIC,,,,,,,,,,,,,,,,,,,,,,,,,,,,,,,,,61.2,,,,,,29.5,,,,,,,,,,,,,,,,,,,
High income,HIC,Poverty headcount ratio at $3.20 a day (2011 PPP) (% of population),SI.POV.LMIC,,,,,,,,,,,,,,,,,,,,,,1.5,,,1.5,,,1.3,,,1.3,,,1.5,,,2.1,,,1.4,,,1.8,,,1.3,,,1,,1,0.9,0.9,0.9,,1,,
"Hong Kong SAR, China",HKG,Poverty headcount ratio at $3.20 a day (2011 PPP) (% of population),SI.POV.LMIC,,,,,,,,,,,,,,,,,,,,,,,,,,,,,,,,,,,,,,,,,,,,,,,,,,,,,,,,,,
Honduras,HND,Poverty headcount ratio at $3.20 a day (2011 PPP) (% of population),SI.POV.LMIC,,,,,,,,,,,,,,,,,,,,,,,,,,,,,,62,64.3,56.3,52.3,45.9,46.2,48.5,50.7,40.2,42,43.2,,35,40,45,44.2,41.4,36.6,31.9,30.3,27.3,29.4,31.7,36.1,32.9,31.8,32.2,30,
Heavily indebted poor countries (HIPC),HPC,Poverty headcount ratio at $3.20 a day (2011 PPP) (% of population),SI.POV.LMIC,,,,,,,,,,,,,,,,,,,,,,,,,,,,,,,,,,,,,,,,,,,,,,,,,,,,,,,,,,
Croatia,HRV,Poverty headcount ratio at $3.20 a day (2011 PPP) (% of population),SI.POV.LMIC,,,,,,,,,,,,,,,,,,,,,,,,,,,,,0.1,,,,,,,,,,,,,,,,,,,,,1.7,2.2,2,2.5,2.2,1.9,1.2,,
Haiti,HTI,Poverty headcount ratio at $3.20 a day (2011 PPP) (% of population),SI.POV.LMIC,,,,,,,,,,,,,,,,,,,,,,,,,,,,,,,,,,,,,,,,,,,,,,,,,,,,,48.3,,,,,
Hungary,HUN,Poverty headcount ratio at $3.20 a day (2011 PPP) (% of population),SI.POV.LMIC,,,,,,,,,,,,,,,,,,,,,,,,,,,,0.1,,0.5,,,,0.4,,,,,,,,,,,0.2,1.2,0.2,0.2,0.2,0.2,0.2,0.2,0.7,0.7,1,1,,
IBRD only,IBD,Poverty headcount ratio at $3.20 a day (2011 PPP) (% of population),SI.POV.LMIC,,,,,,,,,,,,,,,,,,,,,,,,,,,,,,,,,,,,,,,,,,,,,,,,,,,,,,,,,,
IDA & IBRD total,IBT,Poverty headcount ratio at $3.20 a day (2011 PPP) (% of population),SI.POV.LMIC,,,,,,,,,,,,,,,,,,,,,,,,,,,,,,,,,,,,,,,,,,,,,,,,,,,,,,,,,,
IDA total,IDA,Poverty headcount ratio at $3.20 a day (2011 PPP) (% of population),SI.POV.LMIC,,,,,,,,,,,,,,,,,,,,,,76.3,,,76.9,,,77.2,,,77.5,,,78.4,,,75.9,,,76.1,,,76.2,,,70.7,,,66.9,,64.7,63.5,61.8,60.7,,59,,
IDA blend,IDB,Poverty headcount ratio at $3.20 a day (2011 PPP) (% of population),SI.POV.LMIC,,,,,,,,,,,,,,,,,,,,,,,,,,,,,,,,,,,,,,,,,,,,,,,,,,,,,,,,,,
Indonesia,IDN,Poverty headcount ratio at $3.20 a day (2011 PPP) (% of population),SI.POV.LMIC,,,,,,,,,,,,,,,,,,,,,,,,,91.7,,,92.7,,,87,,,86.6,,,79.8,,90.2,80.1,79.9,77.6,65.2,62.7,63,61.3,65.7,58.5,56.6,54.7,48.1,45,43.5,40.7,37.8,33.1,30.9,27.2
IDA only,IDX,Poverty headcount ratio at $3.20 a day (2011 PPP) (% of population),SI.POV.LMIC,,,,,,,,,,,,,,,,,,,,,,,,,,,,,,,,,,,,,,,,,,,,,,,,,,,,,,,,,,
Isle of Man,IMN,Poverty headcount ratio at $3.20 a day (2011 PPP) (% of population),SI.POV.LMIC,,,,,,,,,,,,,,,,,,,,,,,,,,,,,,,,,,,,,,,,,,,,,,,,,,,,,,,,,,
India,IND,Poverty headcount ratio at $3.20 a day (2011 PPP) (% of population),SI.POV.LMIC,,,,,,,,,,,,,,,,,,88.1,,,,,,85.5,,,,82.8,,,,,,81.1,,,,,,,,,,,75.2,,,,,70,,60.4,,,,,,
Not classified,INX,Poverty headcount ratio at $3.20 a day (2011 PPP) (% of population),SI.POV.LMIC,,,,,,,,,,,,,,,,,,,,,,,,,,,,,,,,,,,,,,,,,,,,,,,,,,,,,,,,,,
Ireland,IRL,Poverty headcount ratio at $3.20 a day (2011 PPP) (% of population),SI.POV.LMIC,,,,,,,,,,,,,,,,,,,,,,,,,,,,,,,,,,,,,,,,,,,,0.2,0,0,0.5,0.2,0.2,0.7,0.7,0.7,0.5,0.7,0.5,0.5,,
"Iran, Islamic Rep.",IRN,Poverty headcount ratio at $3.20 a day (2011 PPP) (% of population),SI.POV.LMIC,,,,,,,,,,,,,,,,,,,,,,,,,,,20.4,,,,18.7,,,,15,,,,13.3,,,,,,,3.2,3.2,,,3.8,,,,1.2,2.5,,,
Iraq,IRQ,Poverty headcount ratio at $3.20 a day (2011 PPP) (% of population),SI.POV.LMIC,,,,,,,,,,,,,,,,,,,,,,,,,,,,,,,,,,,,,,,,,,,,,,,19.6,,,,,,17.9,,,,,
Iceland,ISL,Poverty headcount ratio at $3.20 a day (2011 PPP) (% of population),SI.POV.LMIC,,,,,,,,,,,,,,,,,,,,,,,,,,,,,,,,,,,,,,,,,,,,0,0.2,0,0.2,0.2,0,0.2,0.2,0.2,0,0,0,,,
Israel,ISR,Poverty headcount ratio at $3.20 a day (2011 PPP) (% of population),SI.POV.LMIC,,,,,,,,,,,,,,,,,,,,0.8,,,,,,,0.7,,,,,,0.2,,,,,0.7,,,,0.5,,,,1.2,,1,,,1,,1.2,,,,,
Italy,ITA,Poverty headcount ratio at $3.20 a day (2011 PPP) (% of population),SI.POV.LMIC,,,,,,,,,,,,,,,,,,,,,,,,,,,,,,,,,,,,,,,,,,,,1,1,1,1,1,1,1.2,1.7,1.5,1.7,2,1.7,2.5,,
Jamaica,JAM,Poverty headcount ratio at $3.20 a day (2011 PPP) (% of population),SI.POV.LMIC,,,,,,,,,,,,,,,,,,,,,,,,,,,,,20.3,,20.7,,,30.9,,,14.1,,,10.1,,,11.4,,9,,,,,,,,,,,,,
Jordan,JOR,Poverty headcount ratio at $3.20 a day (2011 PPP) (% of population),SI.POV.LMIC,,,,,,,,,,,,,,,,,,,,,,,,,,,2.4,,,,,,16.3,,,,,12.9,,,,,8.3,,,,3.8,,3,,2.1,,,,,,,
Japan,JPN,Poverty headcount ratio at $3.20 a day (2011 PPP) (% of population),SI.POV.LMIC,,,,,,,,,,,,,,,,,,,,,,,,,,,,,,,,,,,,,,,,,,,,,,,,,0.5,,,,,,,,,
Kazakhstan,KAZ,Poverty headcount ratio at $3.20 a day (2011 PPP) (% of population),SI.POV.LMIC,,,,,,,,,,,,,,,,,,,,,,,,,,,,,,,,,,,,,24.9,,,,,32.5,28.1,23,16.7,24.3,6,3,2.2,2.6,1.9,0.7,0.4,0.3,0.2,0.3,,
Kenya,KEN,Poverty headcount ratio at $3.20 a day (2011 PPP) (% of population),SI.POV.LMIC,,,,,,,,,,,,,,,,,,,,,,,,,,,,,,,,,54.2,,60.6,,,59.5,,,,,,,,69.2,,,,,,,,,,66.2,,
Kyrgyz Republic,KGZ,Poverty headcount ratio at $3.20 a day (2011 PPP) (% of population),SI.POV.LMIC,,,,,,,,,,,,,,,,,,,,,,,,,,,,,,,,,,,,,,,53.1,,77.6,72.8,71.9,69.3,46.7,51.8,39.1,36,25,21.1,23.3,21.4,21.5,26.3,19.7,23.2,19.1,
Cambodia,KHM,Poverty headcount ratio at $3.20 a day (2011 PPP) (% of population),SI.POV.LMIC,,,,,,,,,,,,,,,,,,,,,,,,,,,,,,,,,,,,,,,,,,,,,,,,,,,,,,,,,,
Kiribati,KIR,Poverty headcount ratio at $3.20 a day (2011 PPP) (% of population),SI.POV.LMIC,,,,,,,,,,,,,,,,,,,,,,,,,,,,,,,,,,,,,,,,,,,,,,,34.6,,,,,,,,,,,
St. Kitts and Nevis,KNA,Poverty headcount ratio at $3.20 a day (2011 PPP) (% of population),SI.POV.LMIC,,,,,,,,,,,,,,,,,,,,,,,,,,,,,,,,,,,,,,,,,,,,,,,,,,,,,,,,,,
"Korea, Rep.",KOR,Poverty headcount ratio at $3.20 a day (2011 PPP) (% of population),SI.POV.LMIC,,,,,,,,,,,,,,,,,,,,,,,,,,,,,,,,,,,,,,,,,,,,,,,0.5,,0.5,,0.7,,0.5,,,,,
Kuwait,KWT,Poverty headcount ratio at $3.20 a day (2011 PPP) (% of population),SI.POV.LMIC,,,,,,,,,,,,,,,,,,,,,,,,,,,,,,,,,,,,,,,,,,,,,,,,,,,,,,,,,,
Latin America & Caribbean (excluding high income),LAC,Poverty headcount ratio at $3.20 a day (2011 PPP) (% of population),SI.POV.LMIC,,,,,,,,,,,,,,,,,,,,,,,,,,,,,,,,,,,,,,,,,,,,,,,,,,,,,,,,,,
Lao PDR,LAO,Poverty headcount ratio at $3.20 a day (2011 PPP) (% of population),SI.POV.LMIC,,,,,,,,,,,,,,,,,,,,,,,,,,,,,,,,,68.4,,,,,82.5,,,,,72.1,,,,,65.4,,,,,58.7,,,,,
Lebanon,LBN,Poverty headcount ratio at $3.20 a day (2011 PPP) (% of population),SI.POV.LMIC,,,,,,,,,,,,,,,,,,,,,,,,,,,,,,,,,,,,,,,,,,,,,,,,,,,,0.1,,,,,,
Liberia,LBR,Poverty headcount ratio at $3.20 a day (2011 PPP) (% of population),SI.POV.LMIC,,,,,,,,,,,,,,,,,,,,,,,,,,,,,,,,,,,,,,,,,,,,,,,,90.4,,,,,,,73.8,,,
Libya,LBY,Poverty headcount ratio at $3.20 a day (2011 PPP) (% of population),SI.POV.LMIC,,,,,,,,,,,,,,,,,,,,,,,,,,,,,,,,,,,,,,,,,,,,,,,,,,,,,,,,,,
St. Lucia,LCA,Poverty headcount ratio at $3.20 a day (2011 PPP) (% of population),SI.POV.LMIC,,,,,,,,,,,,,,,,,,,,,,,,,,,,,,,,,,,,63.5,,,,,,,,,,,,,,,,,,,,,,
Latin America & Caribbean,LCN,Poverty headcount ratio at $3.20 a day (2011 PPP) (% of population),SI.POV.LMIC,,,,,,,,,,,,,,,,,,,,,,26.5,,,31.1,,,26.5,,,28.3,,,27.1,,,27.7,,,27,,,24.9,,,21.4,,,15.7,,14,13.1,11.9,11.4,,10.8,,
Least developed countries: UN classification,LDC,Poverty headcount ratio at $3.20 a day (2011 PPP) (% of population),SI.POV.LMIC,,,,,,,,,,,,,,,,,,,,,,,,,,,,,,,,,,,,,,,,,,,,,,,,,,,,,,,,,,
Low income,LIC,Poverty headcount ratio at $3.20 a day (2011 PPP) (% of population),SI.POV.LMIC,,,,,,,,,,,,,,,,,,,,,,79.4,,,79.2,,,78.4,,,79.6,,,82.5,,,81.5,,,81.4,,,80.2,,,77.2,,,75,,73,72.6,71.4,70.7,,71.1,,
Liechtenstein,LIE,Poverty headcount ratio at $3.20 a day (2011 PPP) (% of population),SI.POV.LMIC,,,,,,,,,,,,,,,,,,,,,,,,,,,,,,,,,,,,,,,,,,,,,,,,,,,,,,,,,,
Sri Lanka,LKA,Poverty headcount ratio at $3.20 a day (2011 PPP) (% of population),SI.POV.LMIC,,,,,,,,,,,,,,,,,,,,,,,,,,45.4,,,,,43.1,,,,,41.5,,,,,,,36,,,,23.6,,,18.3,,,16.1,,,,9.5,
Lower middle income,LMC,Poverty headcount ratio at $3.20 a day (2011 PPP) (% of population),SI.POV.LMIC,,,,,,,,,,,,,,,,,,,,,,77.7,,,76.9,,,76.4,,,74.5,,,74.3,,,71.7,,,71.2,,,69,,,64.8,,,60.8,,56.3,52.6,50.7,48.4,,43.7,,
Low & middle income,LMY,Poverty headcount ratio at $3.20 a day (2011 PPP) (% of population),SI.POV.LMIC,,,,,,,,,,,,,,,,,,,,,,72.8,,,71.6,,,69.1,,,68.3,,,67,,,63.1,,,61.6,,,57.1,,,51,,,46.1,,42.4,39.3,37.5,34.5,,31.3,,
Lesotho,LSO,Poverty headcount ratio at $3.20 a day (2011 PPP) (% of population),SI.POV.LMIC,,,,,,,,,,,,,,,,,,,,,,,,,,,68.7,,,,,,,,64.2,,,,,,,,79.9,,,,,,,,78.1,,,,,,,
Late-demographic dividend,LTE,Poverty headcount ratio at $3.20 a day (2011 PPP) (% of population),SI.POV.LMIC,,,,,,,,,,,,,,,,,,,,,,,,,,,,,,,,,,,,,,,,,,,,,,,,,,,,,,,,,,
Lithuania,LTU,Poverty headcount ratio at $3.20 a day (2011 PPP) (% of population),SI.POV.LMIC,,,,,,,,,,,,,,,,,,,,,,,,,,,,,,,,,,30.8,,,,,,,,,,,7.5,4.5,2.7,2,2.2,4.2,3.2,1.7,2,2,2.7,1.5,,
Luxembourg,LUX,Poverty headcount ratio at $3.20 a day (2011 PPP) (% of population),SI.POV.LMIC,,,,,,,,,,,,,,,,,,,,,,,,,,,,,,,,,,,,,,,,,,,,0.2,0,0,0,0,0,0,0,0,0.2,0.1,0.2,0.5,,
Latvia,LVA,Poverty headcount ratio at $3.20 a day (2011 PPP) (% of population),SI.POV.LMIC,,,,,,,,,,,,,,,,,,,,,,,,,,,,,,,,,,2.9,,5.7,7.1,,,,,,,,5.5,5,2.7,1.5,2.5,3.7,3.7,3,2.7,2.5,1.7,1.5,,
"Macao SAR, China",MAC,Poverty headcount ratio at $3.20 a day (2011 PPP) (% of population),SI.POV.LMIC,,,,,,,,,,,,,,,,,,,,,,,,,,,,,,,,,,,,,,,,,,,,,,,,,,,,,,,,,,
St. Martin (French part),MAF,Poverty headcount ratio at $3.20 a day (2011 PPP) (% of population),SI.POV.LMIC,,,,,,,,,,,,,,,,,,,,,,,,,,,,,,,,,,,,,,,,,,,,,,,,,,,,,,,,,,
Morocco,MAR,Poverty headcount ratio at $3.20 a day (2011 PPP) (% of population),SI.POV.LMIC,,,,,,,,,,,,,,,,,,,,,,,,,32.9,,,,,,19.3,,,,,,,,28.2,,27.8,,,,,,17,,,,,,,7.7,,,,
Monaco,MCO,Poverty headcount ratio at $3.20 a day (2011 PPP) (% of population),SI.POV.LMIC,,,,,,,,,,,,,,,,,,,,,,,,,,,,,,,,,,,,,,,,,,,,,,,,,,,,,,,,,,
Moldova,MDA,Poverty headcount ratio at $3.20 a day (2011 PPP) (% of population),SI.POV.LMIC,,,,,,,,,,,,,,,,,,,,,,,,,,,,,,,,,,,,,,43.7,57.9,70,68.8,60,44.4,32.2,32.8,40.4,12.9,7.8,9.2,8.2,6.1,4.3,3.4,2.2,1.1,1.4,1.3,
Madagascar,MDG,Poverty headcount ratio at $3.20 a day (2011 PPP) (% of population),SI.POV.LMIC,,,,,,,,,,,,,,,,,,,,,70.3,,,,,,,,,,,,,88.3,,,,86.8,,86.2,,84.9,,,,89.2,,,,,91.3,,91,,,,,
Maldives,MDV,Poverty headcount ratio at $3.20 a day (2011 PPP) (% of population),SI.POV.LMIC,,,,,,,,,,,,,,,,,,,,,,,,,,,,,,,,,,,,,,,,,,,39.2,,,,,,,24.4,,,,,,,,
Middle East & North Africa,MEA,Poverty headcount ratio at $3.20 a day (2011 PPP) (% of population),SI.POV.LMIC,,,,,,,,,,,,,,,,,,,,,,,,,33.6,,,32.7,,,26.8,,,28.9,,,28,,,21.7,,,19.6,,,18.8,,,16.7,,14.8,14.9,14.6,14.4,,16.3,,
Mexico,MEX,Poverty headcount ratio at $3.20 a day (2011 PPP) (% of population),SI.POV.LMIC,,,,,,,,,,,,,,,,,,,,,,,,,22.5,,,,,,,,20.7,,20.5,,28.5,,26.2,,22.4,,19.8,,16.2,18.3,12.8,,13.8,,14,,13.1,,14.2,,11.2,
Marshall Islands,MHL,Poverty headcount ratio at $3.20 a day (2011 PPP) (% of population),SI.POV.LMIC,,,,,,,,,,,,,,,,,,,,,,,,,,,,,,,,,,,,,,,,,,,,,,,,,,,,,,,,,,
Middle income,MIC,Poverty headcount ratio at $3.20 a day (2011 PPP) (% of population),SI.POV.LMIC,,,,,,,,,,,,,,,,,,,,,,,,,,,,,,,,,,,,,,,,,,,,,,,,,,,,,,,,,,
"Macedonia, FYR",MKD,Poverty headcount ratio at $3.20 a day (2011 PPP) (% of population),SI.POV.LMIC,,,,,,,,,,,,,,,,,,,,,,,,,,,,,,,,,,,,,,,,,,,,,,,,,,18,17.4,16,14,12,10,,,
Mali,MLI,Poverty headcount ratio at $3.20 a day (2011 PPP) (% of population),SI.POV.LMIC,,,,,,,,,,,,,,,,,,,,,,,,,,,,,,,,,,,93.4,,,,,,,80.5,,,,,77.6,,,79.4,,,,,,,,
Malta,MLT,Poverty headcount ratio at $3.20 a day (2011 PPP) (% of population),SI.POV.LMIC,,,,,,,,,,,,,,,,,,,,,,,,,,,,,,,,,,,,,,,,,,,,,,,0.5,0.5,0.2,0.5,0.2,0.2,0.2,0,0,0.2,,
Myanmar,MMR,Poverty headcount ratio at $3.20 a day (2011 PPP) (% of population),SI.POV.LMIC,,,,,,,,,,,,,,,,,,,,,,,,,,,,,,,,,,,,,,,,,,,,,,,,,,,,,,,,29.8,,
Middle East & North Africa (excluding high income),MNA,Poverty headcount ratio at $3.20 a day (2011 PPP) (% of population),SI.POV.LMIC,,,,,,,,,,,,,,,,,,,,,,,,,,,,,,,,,,,,,,,,,,,,,,,,,,,,,,,,,,
Montenegro,MNE,Poverty headcount ratio at $3.20 a day (2011 PPP) (% of population),SI.POV.LMIC,,,,,,,,,,,,,,,,,,,,,,,,,,,,,,,,,,,,,,,,,,,,,,1.6,1.2,0.6,0.5,0.6,0.8,1,2.1,2.5,0.8,,,
Mongolia,MNG,Poverty headcount ratio at $3.20 a day (2011 PPP) (% of population),SI.POV.LMIC,,,,,,,,,,,,,,,,,,,,,,,,,,,,,,,,,,,,38.9,,,62.9,,,,35.5,,,,,12.5,,,9.8,7,4.5,,3.2,,6.5,
Northern Mariana Islands,MNP,Poverty headcount ratio at $3.20 a day (2011 PPP) (% of population),SI.POV.LMIC,,,,,,,,,,,,,,,,,,,,,,,,,,,,,,,,,,,,,,,,,,,,,,,,,,,,,,,,,,
Mozambique,MOZ,Poverty headcount ratio at $3.20 a day (2011 PPP) (% of population),SI.POV.LMIC,,,,,,,,,,,,,,,,,,,,,,,,,,,,,,,,,,,,,91.1,,,,,,92,,,,,,88.5,,,,,,81.9,,,
Mauritania,MRT,Poverty headcount ratio at $3.20 a day (2011 PPP) (% of population),SI.POV.LMIC,,,,,,,,,,,,,,,,,,,,,,,,,,,,65.7,,,,,,69.7,,49.7,,,,,45.5,,,,42.5,,,,34.4,,,,,,24.1,,,
Mauritius,MUS,Poverty headcount ratio at $3.20 a day (2011 PPP) (% of population),SI.POV.LMIC,,,,,,,,,,,,,,,,,,,,,,,,,,,,,,,,,,,,,,,,,,,,,,,3.5,,,,,,3.2,,,,,
Malawi,MWI,Poverty headcount ratio at $3.20 a day (2011 PPP) (% of population),SI.POV.LMIC,,,,,,,,,,,,,,,,,,,,,,,,,,,,,,,,,,,,,,84.5,,,,,,,90.4,,,,,,88.8,,,,,,,
Malaysia,MYS,Poverty headcount ratio at $3.20 a day (2011 PPP) (% of population),SI.POV.LMIC,,,,,,,,,,,,,,,,,,,,,,,,,12.9,,,12.7,,11.7,,,11.8,,,11.5,,7.3,,,,,,,2.6,,,3.4,4.2,,,1.2,,0.4,,0.2,,
North America,NAC,Poverty headcount ratio at $3.20 a day (2011 PPP) (% of population),SI.POV.LMIC,,,,,,,,,,,,,,,,,,,,,,,,,,,,,,,,,,,,,,,,,,,,,,,,,,,,,,,,,,
Namibia,NAM,Poverty headcount ratio at $3.20 a day (2011 PPP) (% of population),SI.POV.LMIC,,,,,,,,,,,,,,,,,,,,,,,,,,,,,,,,,,,,,,,,,,,,56.1,,,,,,47,,,,,,29.6,,
New Caledonia,NCL,Poverty headcount ratio at $3.20 a day (2011 PPP) (% of population),SI.POV.LMIC,,,,,,,,,,,,,,,,,,,,,,,,,,,,,,,,,,,,,,,,,,,,,,,,,,,,,,,,,,
Niger,NER,Poverty headcount ratio at $3.20 a day (2011 PPP) (% of population),SI.POV.LMIC,,,,,,,,,,,,,,,,,,,,,,,,,,,,,,,,,93.9,,93.8,,,,,,,,,,,90.7,,90.5,,,,83.3,,,76.9,,,
Nigeria,NGA,Poverty headcount ratio at $3.20 a day (2011 PPP) (% of population),SI.POV.LMIC,,,,,,,,,,,,,,,,,,,,,,,,,,78.5,,,,,,,77.1,,,,82,,,,,,,79.9,,,,,,77.6,,,,,,,,
Nicaragua,NIC,Poverty headcount ratio at $3.20 a day (2011 PPP) (% of population),SI.POV.LMIC,,,,,,,,,,,,,,,,,,,,,,,,,,,,,,,,,,56.6,,,,,45.9,,,37.7,,,,27.1,,,,22.4,,,,,12.8,,,
Netherlands,NLD,Poverty headcount ratio at $3.20 a day (2011 PPP) (% of population),SI.POV.LMIC,,,,,,,,,,,,,,,,,,,,,,,,,,,,,,,,,,,,,,,,,,,,,0.5,0.2,0,0,0.2,0.2,0,0.2,0,0.2,0.2,0.2,,
Norway,NOR,Poverty headcount ratio at $3.20 a day (2011 PPP) (% of population),SI.POV.LMIC,,,,,,,,,,,,,,,,,,,,,,,,,,,,,,,,,,,,,,,,,,,,0.2,0.2,0.2,0.2,0.2,0.2,0.2,0.2,0.2,0.2,0.2,0.2,0.2,,
Nepal,NPL,Poverty headcount ratio at $3.20 a day (2011 PPP) (% of population),SI.POV.LMIC,,,,,,,,,,,,,,,,,,,,,,,,,,,,,,,,,,,,86.6,,,,,,,,75.5,,,,,,,50.8,,,,,,,
Nauru,NRU,Poverty headcount ratio at $3.20 a day (2011 PPP) (% of population),SI.POV.LMIC,,,,,,,,,,,,,,,,,,,,,,,,,,,,,,,,,,,,,,,,,,,,,,,,,,,,,,,,,,
New Zealand,NZL,Poverty headcount ratio at $3.20 a day (2011 PPP) (% of population),SI.POV.LMIC,,,,,,,,,,,,,,,,,,,,,,,,,,,,,,,,,,,,,,,,,,,,,,,,,,,,,,,,,,
OECD members,OED,Poverty headcount ratio at $3.20 a day (2011 PPP) (% of population),SI.POV.LMIC,,,,,,,,,,,,,,,,,,,,,,,,,,,,,,,,,,,,,,,,,,,,,,,,,,,,,,,,,,
Oman,OMN,Poverty headcount ratio at $3.20 a day (2011 PPP) (% of population),SI.POV.LMIC,,,,,,,,,,,,,,,,,,,,,,,,,,,,,,,,,,,,,,,,,,,,,,,,,,,,,,,,,,
Other small states,OSS,Poverty headcount ratio at $3.20 a day (2011 PPP) (% of population),SI.POV.LMIC,,,,,,,,,,,,,,,,,,,,,,,,,,,,,,,,,,,,,,,,,,,,,,,,,,,,,,,,,,
Pakistan,PAK,Poverty headcount ratio at $3.20 a day (2011 PPP) (% of population),SI.POV.LMIC,,,,,,,,,,,,,,,,,,,,,,,,,,,,87.9,,,87.2,,,,,,63.4,,66,,,72.4,,,60.4,59.4,,55.4,,,47.8,46.4,,39.7,,34.7,,
Panama,PAN,Poverty headcount ratio at $3.20 a day (2011 PPP) (% of population),SI.POV.LMIC,,,,,,,,,,,,,,,,,,,,21,,,,,,,,,,34.4,,31.4,,,,24.7,,23.3,23.9,21.2,20.2,24.9,21.6,20.7,19.7,18.8,19,16.6,13.9,9.5,10.8,8.7,10,8.1,8.4,6.7,7,
Peru,PER,Poverty headcount ratio at $3.20 a day (2011 PPP) (% of population),SI.POV.LMIC,,,,,,,,,,,,,,,,,,,,,,,,,,,,,,,,,,,,,,32.8,31.6,32.8,30.6,32.9,29.6,27.7,28.4,30.9,26.9,23.1,19.5,17.3,14.8,13.3,12.3,11.4,10.7,10.4,10,
Philippines,PHL,Poverty headcount ratio at $3.20 a day (2011 PPP) (% of population),SI.POV.LMIC,,,,,,,,,,,,,,,,,,,,,,,,,,,,,,,,,,,,,,,,,,,,,,,,,,,,,,,,,,
Palau,PLW,Poverty headcount ratio at $3.20 a day (2011 PPP) (% of population),SI.POV.LMIC,,,,,,,,,,,,,,,,,,,,,,,,,,,,,,,,,,,,,,,,,,,,,,,,,,,,,,,,,,
Papua New Guinea,PNG,Poverty headcount ratio at $3.20 a day (2011 PPP) (% of population),SI.POV.LMIC,,,,,,,,,,,,,,,,,,,,,,,,,,,,,,,,,,,,,70.8,,,,,,,,,,,,,65.6,,,,,,,,
Poland,POL,Poverty headcount ratio at $3.20 a day (2011 PPP) (% of population),SI.POV.LMIC,,,,,,,,,,,,,,,,,,,,,,,,,,,,,,,,,,,,,,,,,,,,,,,,,,,,,,,,,,
Pre-demographic dividend,PRE,Poverty headcount ratio at $3.20 a day (2011 PPP) (% of population),SI.POV.LMIC,,,,,,,,,,,,,,,,,,,,,,,,,,,,,,,,,,,,,,,,,,,,,,,,,,,,,,,,,,
Puerto Rico,PRI,Poverty headcount ratio at $3.20 a day (2011 PPP) (% of population),SI.POV.LMIC,,,,,,,,,,,,,,,,,,,,,,,,,,,,,,,,,,,,,,,,,,,,,,,,,,,,,,,,,,
"Korea, Dem. People’s Rep.",PRK,Poverty headcount ratio at $3.20 a day (2011 PPP) (% of population),SI.POV.LMIC,,,,,,,,,,,,,,,,,,,,,,,,,,,,,,,,,,,,,,,,,,,,,,,,,,,,,,,,,,
Portugal,PRT,Poverty headcount ratio at $3.20 a day (2011 PPP) (% of population),SI.POV.LMIC,,,,,,,,,,,,,,,,,,,,,,,,,,,,,,,,,,,,,,,,,,,,1.5,1,1,0.5,0.7,1,0.5,0.5,0.9,1.5,1.7,1.5,1.2,,
Paraguay,PRY,Poverty headcount ratio at $3.20 a day (2011 PPP) (% of population),SI.POV.LMIC,,,,,,,,,,,,,,,,,,,,,,,,,,,,,,,4.7,,,,,23.1,,20.1,,20.1,,18.3,27,19.6,17,14.7,19.4,16.5,14,14.4,13.3,12.7,9.9,6.7,7.5,6.9,7,
West Bank and Gaza,PSE,Poverty headcount ratio at $3.20 a day (2011 PPP) (% of population),SI.POV.LMIC,,,,,,,,,,,,,,,,,,,,,,,,,,,,,,,,,,,,,,,,,,,,,5.5,5.7,4.3,7.8,,3.1,3.7,3.4,,,,,5,
Pacific island small states,PSS,Poverty headcount ratio at $3.20 a day (2011 PPP) (% of population),SI.POV.LMIC,,,,,,,,,,,,,,,,,,,,,,,,,,,,,,,,,,,,,,,,,,,,,,,,,,,,,,,,,,
Post-demographic dividend,PST,Poverty headcount ratio at $3.20 a day (2011 PPP) (% of population),SI.POV.LMIC,,,,,,,,,,,,,,,,,,,,,,,,,,,,,,,,,,,,,,,,,,,,,,,,,,,,,,,,,,
French Polynesia,PYF,Poverty headcount ratio at $3.20 a day (2011 PPP) (% of population),SI.POV.LMIC,,,,,,,,,,,,,,,,,,,,,,,,,,,,,,,,,,,,,,,,,,,,,,,,,,,,,,,,,,
Qatar,QAT,Poverty headcount ratio at $3.20 a day (2011 PPP) (% of population),SI.POV.LMIC,,,,,,,,,,,,,,,,,,,,,,,,,,,,,,,,,,,,,,,,,,,,,,,,,,,,,,,,,,
Romania,ROU,Poverty headcount ratio at $3.20 a day (2011 PPP) (% of population),SI.POV.LMIC,,,,,,,,,,,,,,,,,,,,,,,,,,,,,,0.7,,,2.8,,42.2,,,,,,,,,,,,19,14.7,11.2,10.5,11.9,13.7,14.2,16,14.9,13.2,,
Russian Federation,RUS,Poverty headcount ratio at $3.20 a day (2011 PPP) (% of population),SI.POV.LMIC,,,,,,,,,,,,,,,,,,,,,,,,,,,,,,,,,,10.8,,,11.3,5.6,7.9,13.3,10,6.6,4.7,4.8,4.1,3.2,2.2,1.3,0.5,0.5,0.5,0.3,0.3,0.3,0.2,0.3,,
Rwanda,RWA,Poverty headcount ratio at $3.20 a day (2011 PPP) (% of population),SI.POV.LMIC,,,,,,,,,,,,,,,,,,,,,,,,,88.9,,,,,,,,,,,,,,,,89.8,,,,,84.4,,,,,83.6,,,80.8,,,,
South Asia,SAS,Poverty headcount ratio at $3.20 a day (2011 PPP) (% of population),SI.POV.LMIC,,,,,,,,,,,,,,,,,,,,,,85.4,,,84.2,,,83,,,81.7,,,80.4,,,77.3,,,,,,75.5,,,71.5,,,67.9,,63.9,58.9,56.6,53.9,,,,
Saudi Arabia,SAU,Poverty headcount ratio at $3.20 a day (2011 PPP) (% of population),SI.POV.LMIC,,,,,,,,,,,,,,,,,,,,,,,,,,,,,,,,,,,,,,,,,,,,,,,,,,,,,,,,,,
Sudan,SDN,Poverty headcount ratio at $3.20 a day (2011 PPP) (% of population),SI.POV.LMIC,,,,,,,,,,,,,,,,,,,,,,,,,,,,,,,,,,,,,,,,,,,,,,,,,,40.5,,,,,,,,
Senegal,SEN,Poverty headcount ratio at $3.20 a day (2011 PPP) (% of population),SI.POV.LMIC,,,,,,,,,,,,,,,,,,,,,,,,,,,,,,,,84.6,,,83.4,,,,,,,76.8,,,,67.8,,,,,,67.5,,,,,,
Singapore,SGP,Poverty headcount ratio at $3.20 a day (2011 PPP) (% of population),SI.POV.LMIC,,,,,,,,,,,,,,,,,,,,,,,,,,,,,,,,,,,,,,,,,,,,,,,,,,,,,,,,,,
Solomon Islands,SLB,Poverty headcount ratio at $3.20 a day (2011 PPP) (% of population),SI.POV.LMIC,,,,,,,,,,,,,,,,,,,,,,,,,,,,,,,,,,,,,,,,,,,,,,70.6,,,,,,,,58.8,,,,
Sierra Leone,SLE,Poverty headcount ratio at $3.20 a day (2011 PPP) (% of population),SI.POV.LMIC,,,,,,,,,,,,,,,,,,,,,,,,,,,,,,80.8,,,,,,,,,,,,,,83.6,,,,,,,,81.3,,,,,,
El Salvador,SLV,Poverty headcount ratio at $3.20 a day (2011 PPP) (% of population),SI.POV.LMIC,,,,,,,,,,,,,,,,,,,,,,,,,,,,,,30.9,,36.5,,,,27.3,28.9,,32.6,28.7,24,25.7,25.9,26.8,22.5,22.8,18.8,14.9,19.6,18.5,17.9,16.2,14.4,12.4,12.2,9.9,10.3,
San Marino,SMR,Poverty headcount ratio at $3.20 a day (2011 PPP) (% of population),SI.POV.LMIC,,,,,,,,,,,,,,,,,,,,,,,,,,,,,,,,,,,,,,,,,,,,,,,,,,,,,,,,,,
Somalia,SOM,Poverty headcount ratio at $3.20 a day (2011 PPP) (% of population),SI.POV.LMIC,,,,,,,,,,,,,,,,,,,,,,,,,,,,,,,,,,,,,,,,,,,,,,,,,,,,,,,,,,
Serbia,SRB,Poverty headcount ratio at $3.20 a day (2011 PPP) (% of population),SI.POV.LMIC,,,,,,,,,,,,,,,,,,,,,,,,,,,,,,,,,,,,,,,,,,,,,,,,,,,,,,,,,,
Sub-Saharan Africa (excluding high income),SSA,Poverty headcount ratio at $3.20 a day (2011 PPP) (% of population),SI.POV.LMIC,,,,,,,,,,,,,,,,,,,,,,,,,,,,,,,,,,,,,,,,,,,,,,,,,,,,,,,,,,
South Sudan,SSD,Poverty headcount ratio at $3.20 a day (2011 PPP) (% of population),SI.POV.LMIC,,,,,,,,,,,,,,,,,,,,,,,,,,,,,,,,,,,,,,,,,,,,,,,,,,64.8,,,,,,,,
Sub-Saharan Africa,SSF,Poverty headcount ratio at $3.20 a day (2011 PPP) (% of population),SI.POV.LMIC,,,,,,,,,,,,,,,,,,,,,,,,,,,,,,,74.9,,,78.2,,,78,,,78.3,,,78.2,,,74.8,,,72.2,,71.2,70.1,68.9,67.8,,66.3,,
Small states,SST,Poverty headcount ratio at $3.20 a day (2011 PPP) (% of population),SI.POV.LMIC,,,,,,,,,,,,,,,,,,,,,,,,,,,,,,,,,,,,,,,,,,,,,,,,,,,,,,,,,,
Sao Tome and Principe,STP,Poverty headcount ratio at $3.20 a day (2011 PPP) (% of population),SI.POV.LMIC,,,,,,,,,,,,,,,,,,,,,,,,,,,,,,,,,,,,,,,,,64.2,,,,,,,,,,70.1,,,,,,,
Suriname,SUR,Poverty headcount ratio at $3.20 a day (2011 PPP) (% of population),SI.POV.LMIC,,,,,,,,,,,,,,,,,,,,,,,,,,,,,,,,,,,,,,,,42.8,,,,,,,,,,,,,,,,,,
Slovak Republic,SVK,Poverty headcount ratio at $3.20 a day (2011 PPP) (% of population),SI.POV.LMIC,,,,,,,,,,,,,,,,,,,,,,,,,,,,,,,,,,,,,2.1,,,,,,,,0.7,0.5,0.7,0.9,0.7,1,1,0.7,0.7,0.7,1.2,1,,
Slovenia,SVN,Poverty headcount ratio at $3.20 a day (2011 PPP) (% of population),SI.POV.LMIC,,,,,,,,,,,,,,,,,,,,,,,,,,,,,,,,,,0.1,,,,,,,,,,,0.2,0.2,0,0,0,0,0,0,0,0,0,0,,
Sweden,SWE,Poverty headcount ratio at $3.20 a day (2011 PPP) (% of population),SI.POV.LMIC,,,,,,,,,,,,,,,,,,,,,,,,,,,,,,,,,,,,,,,,,,,,0.5,0.5,1.2,0.5,0.5,0.7,0.7,0.7,0.7,0.5,0.7,0.7,0.7,,
Eswatini,SWZ,Poverty headcount ratio at $3.20 a day (2011 PPP) (% of population),SI.POV.LMIC,,,,,,,,,,,,,,,,,,,,,,,,,,,,,,,,,,,91.9,,,,,,71.4,,,,,,,,,64.4,,,,,,,,
Sint Maarten (Dutch part),SXM,Poverty headcount ratio at $3.20 a day (2011 PPP) (% of population),SI.POV.LMIC,,,,,,,,,,,,,,,,,,,,,,,,,,,,,,,,,,,,,,,,,,,,,,,,,,,,,,,,,,
Seychelles,SYC,Poverty headcount ratio at $3.20 a day (2011 PPP) (% of population),SI.POV.LMIC,,,,,,,,,,,,,,,,,,,,,,,,,,,,,,,,,,,,,,,,,,,,,,,,,,,,,,2.5,,,,
Syrian Arab Republic,SYR,Poverty headcount ratio at $3.20 a day (2011 PPP) (% of population),SI.POV.LMIC,,,,,,,,,,,,,,,,,,,,,,,,,,,,,,,,,,,,,,,,,,,,,15.3,,,,,,,,,,,,,
Turks and Caicos Islands,TCA,Poverty headcount ratio at $3.20 a day (2011 PPP) (% of population),SI.POV.LMIC,,,,,,,,,,,,,,,,,,,,,,,,,,,,,,,,,,,,,,,,,,,,,,,,,,,,,,,,,,
Chad,TCD,Poverty headcount ratio at $3.20 a day (2011 PPP) (% of population),SI.POV.LMIC,,,,,,,,,,,,,,,,,,,,,,,,,,,,,,,,,,,,,,,,,,,,85.6,,,,,,,,66.5,,,,,,
East Asia & Pacific (IDA & IBRD countries),TEA,Poverty headcount ratio at $3.20 a day (2011 PPP) (% of population),SI.POV.LMIC,,,,,,,,,,,,,,,,,,,,,,,,,,,,,,,,,,,,,,,,,,,,,,,,,,,,,,,,,,
Europe & Central Asia (IDA & IBRD countries),TEC,Poverty headcount ratio at $3.20 a day (2011 PPP) (% of population),SI.POV.LMIC,,,,,,,,,,,,,,,,,,,,,,,,,,,,,,,,,,,,,,,,,,,,,,,,,,,,,,,,,,
Togo,TGO,Poverty headcount ratio at $3.20 a day (2011 PPP) (% of population),SI.POV.LMIC,,,,,,,,,,,,,,,,,,,,,,,,,,,,,,,,,,,,,,,,,,,,,,,77.7,,,,,75.4,,,,73.2,,
Thailand,THA,Poverty headcount ratio at $3.20 a day (2011 PPP) (% of population),SI.POV.LMIC,,,,,,,,,,,,,,,,,,,,,,43.1,,,,,,,40,,36.2,,29.1,,19.5,,15.2,,14.6,18.4,18.6,,12.1,,9,,6.2,4.4,3.4,3,2.5,1.4,1.5,1.1,0.9,0.5,,
Tajikistan,TJK,Poverty headcount ratio at $3.20 a day (2011 PPP) (% of population),SI.POV.LMIC,,,,,,,,,,,,,,,,,,,,,,,,,,,,,,,,,,,,,,,,87.1,,,,66.8,47.9,,,34.7,,25.7,,,,,,20.3,,
Turkmenistan,TKM,Poverty headcount ratio at $3.20 a day (2011 PPP) (% of population),SI.POV.LMIC,,,,,,,,,,,,,,,,,,,,,,,,,,,,,,,,,,,,,,,77.8,,,,,,,,,,,,,,,,,,,
Latin America & the Caribbean (IDA & IBRD countries),TLA,Poverty headcount ratio at $3.20 a day (2011 PPP) (% of population),SI.POV.LMIC,,,,,,,,,,,,,,,,,,,,,,,,,,,,,,,,,,,,,,,,,,,,,,,,,,,,,,,,,,
Timor-Leste,TLS,Poverty headcount ratio at $3.20 a day (2011 PPP) (% of population),SI.POV.LMIC,,,,,,,,,,,,,,,,,,,,,,,,,,,,,,,,,,,,,,,,,,75.7,,,,,,83.1,,,,,,,73.2,,,
Middle East & North Africa (IDA & IBRD countries),TMN,Poverty headcount ratio at $3.20 a day (2011 PPP) (% of population),SI.POV.LMIC,,,,,,,,,,,,,,,,,,,,,,,,,,,,,,,,,,,,,,,,,,,,,,,,,,,,,,,,,,
Tonga,TON,Poverty headcount ratio at $3.20 a day (2011 PPP) (% of population),SI.POV.LMIC,,,,,,,,,,,,,,,,,,,,,,,,,,,,,,,,,,,,,,,,,,8.4,,,,,,,,8.9,,,,,,,,
South Asia (IDA & IBRD),TSA,Poverty headcount ratio at $3.20 a day (2011 PPP) (% of population),SI.POV.LMIC,,,,,,,,,,,,,,,,,,,,,,,,,,,,,,,,,,,,,,,,,,,,,,,,,,,,,,,,,,
Sub-Saharan Africa (IDA & IBRD countries),TSS,Poverty headcount ratio at $3.20 a day (2011 PPP) (% of population),SI.POV.LMIC,,,,,,,,,,,,,,,,,,,,,,,,,,,,,,,,,,,,,,,,,,,,,,,,,,,,,,,,,,
Trinidad and Tobago,TTO,Poverty headcount ratio at $3.20 a day (2011 PPP) (% of population),SI.POV.LMIC,,,,,,,,,,,,,,,,,,,,,,,,,,,,,8.3,,,,13.1,,,,,,,,,,,,,,,,,,,,,,,,,
Tunisia,TUN,Poverty headcount ratio at $3.20 a day (2011 PPP) (% of population),SI.POV.LMIC,,,,,,,,,,,,,,,,,,,,,,,,,,36.2,,,,,28.9,,,,,30.1,,,,,21.5,,,,,14.2,,,,,9.1,,,,,,,
Turkey,TUR,Poverty headcount ratio at $3.20 a day (2011 PPP) (% of population),SI.POV.LMIC,,,,,,,,,,,,,,,,,,,,,,,,,,,,10.9,,,,,,,13,,,,,,,,10.7,14.1,9.9,10,8.3,6.7,6,5,4.5,4.1,3.4,2.9,2.4,2.7,1.8,
Tuvalu,TUV,Poverty headcount ratio at $3.20 a day (2011 PPP) (% of population),SI.POV.LMIC,,,,,,,,,,,,,,,,,,,,,,,,,,,,,,,,,,,,,,,,,,,,,,,,,,,17.6,,,,,,,
Tanzania,TZA,Poverty headcount ratio at $3.20 a day (2011 PPP) (% of population),SI.POV.LMIC,,,,,,,,,,,,,,,,,,,,,,,,,,,,,,,,91.4,,,,,,,,,96.2,,,,,,,83.6,,,,79,,,,,,
Uganda,UGA,Poverty headcount ratio at $3.20 a day (2011 PPP) (% of population),SI.POV.LMIC,,,,,,,,,,,,,,,,,,,,,,,,,,,,,,80,,,86.1,,,,85.3,,,86.6,,,84.5,,,79.2,,,,72.4,,,67.4,,,,69.8,
Ukraine,UKR,Poverty headcount ratio at $3.20 a day (2011 PPP) (% of population),SI.POV.LMIC,,,,,,,,,,,,,,,,,,,,,,,,,,,,,,,,,12.7,9.6,,20.3,22.7,,,,,,11.9,7,5.7,2.6,1.6,1.3,0.4,0.7,0.3,0.2,0.2,0.1,0.1,0.5,0.5,
Upper middle income,UMC,Poverty headcount ratio at $3.20 a day (2011 PPP) (% of population),SI.POV.LMIC,,,,,,,,,,,,,,,,,,,,,,67.7,,,65.7,,,61.1,,,60.9,,,57.6,,,51.5,,,48.6,,,40.5,,,31.2,,,24,,20.2,17,14.9,10.3,,7.5,,
Uruguay,URY,Poverty headcount ratio at $3.20 a day (2011 PPP) (% of population),SI.POV.LMIC,,,,,,,,,,,,,,,,,,,,,,3.3,,,,,,,,2.7,,,,,,,,,,,,,,,,,3.7,2.9,1.8,1.8,1.3,1,1.1,0.8,0.7,0.6,0.5,
United States,USA,Poverty headcount ratio at $3.20 a day (2011 PPP) (% of population),SI.POV.LMIC,,,,,,,,,,,,,,,,,,,,0.7,,,,,,,0.7,,,,,0.7,,,1,,,1,,,1,,,,1.2,,,1.2,,,1.2,,,1.2,,,1.5,
Uzbekistan,UZB,Poverty headcount ratio at $3.20 a day (2011 PPP) (% of population),SI.POV.LMIC,,,,,,,,,,,,,,,,,,,,,,,,,,,,,,,,,,,,,,,65.5,,86.7,,85.9,86.4,,,,,,,,,,,,,,
St. Vincent and the Grenadines,VCT,Poverty headcount ratio at $3.20 a day (2011 PPP) (% of population),SI.POV.LMIC,,,,,,,,,,,,,,,,,,,,,,,,,,,,,,,,,,,,,,,,,,,,,,,,,,,,,,,,,,
"Venezuela, RB",VEN,Poverty headcount ratio at $3.20 a day (2011 PPP) (% of population),SI.POV.LMIC,,,,,,,,,,,,,,,,,,,,,,17.1,,,,,,18.7,,13.4,,,11.3,,,22.9,,,24.7,25.3,,23.5,32.9,39.6,34.2,29,17.8,,,,,,,,,,,
British Virgin Islands,VGB,Poverty headcount ratio at $3.20 a day (2011 PPP) (% of population),SI.POV.LMIC,,,,,,,,,,,,,,,,,,,,,,,,,,,,,,,,,,,,,,,,,,,,,,,,,,,,,,,,,,
Virgin Islands (U.S.),VIR,Poverty headcount ratio at $3.20 a day (2011 PPP) (% of population),SI.POV.LMIC,,,,,,,,,,,,,,,,,,,,,,,,,,,,,,,,,,,,,,,,,,,,,,,,,,,,,,,,,,
Vietnam,VNM,Poverty headcount ratio at $3.20 a day (2011 PPP) (% of population),SI.POV.LMIC,,,,,,,,,,,,,,,,,,,,,,,,,,,,,,,,,80,,,,,,71.2,,,,70.8,,60,,51.3,,46.7,,17.3,,13.4,,11.2,,8.2,
Vanuatu,VUT,Poverty headcount ratio at $3.20 a day (2011 PPP) (% of population),SI.POV.LMIC,,,,,,,,,,,,,,,,,,,,,,,,,,,,,,,,,,,,,,,,,,,,,,,,,,,39.5,,,,,,,
World,WLD,Poverty headcount ratio at $3.20 a day (2011 PPP) (% of population),SI.POV.LMIC,,,,,,,,,,,,,,,,,,,,,,57.1,,,56.9,,,55.4,,,55.1,,,54.4,,,51.7,,,50.6,,,47.2,,,42.2,,,38.2,,35.2,32.8,31.3,28.8,,26.3,,
Samoa,WSM,Poverty headcount ratio at $3.20 a day (2011 PPP) (% of population),SI.POV.LMIC,,,,,,,,,,,,,,,,,,,,,,,,,,,,,,,,,,,,,,,,,,,,,,,,,9.7,,,,,,,,,
Kosovo,XKX,Poverty headcount ratio at $3.20 a day (2011 PPP) (% of population),SI.POV.LMIC,,,,,,,,,,,,,,,,,,,,,,,,,,,,,,,,,,,,,,,,,,,,15.3,,17.3,16.5,,,13.3,13.5,9.6,5.4,3.1,4.3,2.9,3.1,
"Yemen, Rep.",YEM,Poverty headcount ratio at $3.20 a day (2011 PPP) (% of population),SI.POV.LMIC,,,,,,,,,,,,,,,,,,,,,,,,,,,,,,,,,,,,,,,27.9,,,,,,,38.8,,,,,,,,,52.2,,,
South Africa,ZAF,Poverty headcount ratio at $3.20 a day (2011 PPP) (% of population),SI.POV.LMIC,,,,,,,,,,,,,,,,,,,,,,,,,,,,,,,,,,47.8,,,53.9,,,,51.1,,,,,47.9,,,37,,35.8,,,,37.6,,,
Zambia,ZMB,Poverty headcount ratio at $3.20 a day (2011 PPP) (% of population),SI.POV.LMIC,,,,,,,,,,,,,,,,,,,,,,,,,,,,,,,,69.2,,73.9,,,64.7,,65.6,,,,76.3,,75.1,,77.7,,,,79.7,,,,,74.3,,
Zimbabwe,ZWE,Poverty headcount ratio at $3.20 a day (2011 PPP) (% of population),SI.POV.LMIC,,,,,,,,,,,,,,,,,,,,,,,,,,,,,,,,,,,,,,,,,,,,,,,,,,,,47.2,,,,,,
